epoch,step,test_Energy_MAE,test_Energy_RMSE,test_Force_MAE,test_Force_RMSE,test_Magmom_MAE,test_Magmom_RMSE,test_Stress_MAE,test_Stress_RMSE,test_Total_Loss,train_Energy_MAE,train_Energy_RMSE,train_Force_MAE,train_Force_RMSE,train_Magmom_MAE,train_Magmom_RMSE,train_Stress_MAE,train_Stress_RMSE,train_Total_Loss,val_Energy_MAE,val_Energy_RMSE,val_Force_MAE,val_Force_RMSE,val_Magmom_MAE,val_Magmom_RMSE,val_Stress_MAE,val_Stress_RMSE,val_Total_Loss
63,174591,,,,,,,,,,,,,,,,,,,0.03963913768529892,0.061113957315683365,0.16506625711917877,0.31887194514274597,0.0,0.0,0.7654497623443604,1.4805227518081665,0.27828070521354675
63,174591,,,,,,,,,,0.037907954305410385,0.05901268124580383,0.15573759377002716,0.3034457266330719,0.0,0.0,0.7311884164810181,1.3746252059936523,0.26264914870262146,,,,,,,,,
64,177319,,,,,,,,,,,,,,,,,,,0.037221647799015045,0.05990630015730858,0.16416986286640167,0.3768327534198761,0.0,0.0,0.7939736843109131,1.5576013326644897,0.27756744623184204
64,177319,,,,,,,,,,0.03745140880346298,0.05865858495235443,0.1566361039876938,0.29944345355033875,0.0,0.0,0.7293949127197266,1.3673440217971802,0.2620626389980316,,,,,,,,,
65,180047,,,,,,,,,,,,,,,,,,,0.03695489093661308,0.059468042105436325,0.16097843647003174,0.31001466512680054,0.0,0.0,0.7604900598526001,1.466706395149231,0.27122944593429565
65,180047,,,,,,,,,,0.03749915584921837,0.05880049243569374,0.15495647490024567,0.29346737265586853,0.0,0.0,0.731094479560852,1.3739160299301147,0.26195386052131653,,,,,,,,,
66,182775,,,,,,,,,,,,,,,,,,,0.0439983531832695,0.06471841037273407,0.16151711344718933,0.31501665711402893,0.0,0.0,0.746264636516571,1.4086742401123047,0.277244508266449
66,182775,,,,,,,,,,0.037464577704668045,0.058616697788238525,0.15932807326316833,0.3197205364704132,0.0,0.0,0.7282111644744873,1.3660860061645508,0.2633695602416992,,,,,,,,,
67,185503,,,,,,,,,,,,,,,,,,,0.03623633086681366,0.05799172446131706,0.1605592519044876,0.31441807746887207,0.0,0.0,0.7467048168182373,1.420343279838562,0.2685244083404541
67,185503,,,,,,,,,,0.03735525161027908,0.05847218260169029,0.1620355248451233,0.32425835728645325,0.0,0.0,0.7283201813697815,1.3758163452148438,0.2646273374557495,,,,,,,,,
68,188231,,,,,,,,,,,,,,,,,,,0.04038124531507492,0.06318946182727814,0.16353097558021545,0.3113361895084381,0.0,0.0,0.7649096250534058,1.4877053499221802,0.27753087878227234
68,188231,,,,,,,,,,0.037054192274808884,0.058070339262485504,0.15356853604316711,0.28682321310043335,0.0,0.0,0.7229757905006409,1.353376030921936,0.25909096002578735,,,,,,,,,
69,190959,,,,,,,,,,,,,,,,,,,0.04079809412360191,0.06325916200876236,0.16193047165870667,0.3072933852672577,0.0,0.0,0.7558074593544006,1.448062777519226,0.2750025689601898
69,190959,,,,,,,,,,0.037182100117206573,0.0582980215549469,0.17491240799427032,0.48076823353767395,0.0,0.0,0.7244165539741516,1.3707677125930786,0.2698605954647064,,,,,,,,,
70,193687,,,,,,,,,,,,,,,,,,,0.03934193402528763,0.06242494657635689,0.16265614330768585,0.3133799433708191,0.0,0.0,0.7540715336799622,1.425330638885498,0.27430450916290283
70,193687,,,,,,,,,,0.03685477748513222,0.05809429660439491,0.15589027106761932,0.2986275255680084,0.0,0.0,0.7197681069374084,1.349671483039856,0.2597377896308899,,,,,,,,,
71,196415,,,,,,,,,,,,,,,,,,,0.041355911642313004,0.06366238743066788,0.15878687798976898,0.30625396966934204,0.0,0.0,0.744927167892456,1.4156861305236816,0.27167728543281555
71,196415,,,,,,,,,,0.03682832047343254,0.05790635943412781,0.1545981913805008,0.30170708894729614,0.0,0.0,0.7182800769805908,1.3488061428070068,0.25916728377342224,,,,,,,,,
72,199143,,,,,,,,,,,,,,,,,,,0.03806654363870621,0.060011230409145355,0.16265450417995453,0.32918107509613037,0.0,0.0,0.768653929233551,1.4787304401397705,0.2745189070701599
72,199143,,,,,,,,,,0.03678278252482414,0.05795619636774063,0.16150078177452087,0.33322522044181824,0.0,0.0,0.7177273631095886,1.3532204627990723,0.26166221499443054,,,,,,,,,
73,201871,,,,,,,,,,,,,,,,,,,0.04419805482029915,0.06458812206983566,0.16026635468006134,0.29590609669685364,0.0,0.0,0.7494469881057739,1.4021157026290894,0.27665162086486816
73,201871,,,,,,,,,,0.03673473000526428,0.05761788785457611,0.15192073583602905,0.28593042492866516,0.0,0.0,0.7151092290878296,1.3390299081802368,0.25668588280677795,,,,,,,,,
74,204599,,,,,,,,,,,,,,,,,,,0.04359424486756325,0.06403610110282898,0.16206106543540955,0.3152153789997101,0.0,0.0,0.7604848146438599,1.4293001890182495,0.2785297930240631
74,204599,,,,,,,,,,0.036605607718229294,0.05768861621618271,0.1541464477777481,0.30093616247177124,0.0,0.0,0.7138981223106384,1.3396799564361572,0.2574230134487152,,,,,,,,,
75,207327,,,,,,,,,,,,,,,,,,,0.03841298818588257,0.06067749857902527,0.16059952974319458,0.307027131319046,0.0,0.0,0.7523021101951599,1.4231094121932983,0.27115747332572937
75,207327,,,,,,,,,,0.036447759717702866,0.05741026625037193,0.15247471630573273,0.2906359136104584,0.0,0.0,0.7149756550788879,1.3387333154678345,0.2564045190811157,,,,,,,,,
76,210055,,,,,,,,,,,,,,,,,,,0.03685005381703377,0.05915237218141556,0.1573353260755539,0.30062586069107056,0.0,0.0,0.7355830073356628,1.3980375528335571,0.2652248740196228
76,210055,,,,,,,,,,0.036222029477357864,0.0571453832089901,0.15564927458763123,0.31782522797584534,0.0,0.0,0.7112977504730225,1.3356174230575562,0.257130891084671,,,,,,,,,
77,212783,,,,,,,,,,,,,,,,,,,0.03733604773879051,0.05898468941450119,0.1581106185913086,0.29959172010421753,0.0,0.0,0.7560190558433533,1.433593988418579,0.2682972550392151
77,212783,,,,,,,,,,0.03614043816924095,0.05710689350962639,0.15389950573444366,0.29957565665245056,0.0,0.0,0.7100498676300049,1.331282377243042,0.2562659978866577,,,,,,,,,
78,215511,,,,,,,,,,,,,,,,,,,0.03584397956728935,0.057822369039058685,0.157225102186203,0.2949698269367218,0.0,0.0,0.7457221746444702,1.4194350242614746,0.26492589712142944
78,215511,,,,,,,,,,0.0362187922000885,0.057180654257535934,0.1527920365333557,0.2979002892971039,0.0,0.0,0.7104871869087219,1.332952857017517,0.2559950351715088,,,,,,,,,
79,218239,,,,,,,,,,,,,,,,,,,0.03734348341822624,0.059288766235113144,0.15850123763084412,0.2983406186103821,0.0,0.0,0.7406919002532959,1.3923251628875732,0.26697003841400146
79,218239,,,,,,,,,,0.03609107807278633,0.057066936045885086,0.15263882279396057,0.2985990643501282,0.0,0.0,0.7086424827575684,1.3279023170471191,0.2552741467952728,,,,,,,,,
80,220967,,,,,,,,,,,,,,,,,,,0.03475630655884743,0.05695974454283714,0.15805977582931519,0.3025185763835907,0.0,0.0,0.734207272529602,1.3927348852157593,0.2636054456233978
80,220967,,,,,,,,,,0.03581858426332474,0.056693773716688156,0.15144330263137817,0.2917892634868622,0.0,0.0,0.7070975303649902,1.3253240585327148,0.25402042269706726,,,,,,,,,
81,223695,,,,,,,,,,,,,,,,,,,0.039728280156850815,0.06217733025550842,0.15841436386108398,0.3138611614704132,0.0,0.0,0.7460804581642151,1.395928144454956,0.26965728402137756
81,223695,,,,,,,,,,0.03600118309259415,0.05682731047272682,0.15239764750003815,0.30166226625442505,0.0,0.0,0.7061769962310791,1.3205313682556152,0.2538521885871887,,,,,,,,,
82,226423,,,,,,,,,,,,,,,,,,,0.03922220319509506,0.06204812228679657,0.1566275954246521,0.2954493761062622,0.0,0.0,0.7365411520004272,1.4017292261123657,0.2665758430957794
82,226423,,,,,,,,,,0.03569174185395241,0.05664863809943199,0.15032632648944855,0.28484782576560974,0.0,0.0,0.7031981945037842,1.3131405115127563,0.2527599632740021,,,,,,,,,
83,229151,,,,,,,,,,,,,,,,,,,0.04062012955546379,0.06322243809700012,0.1581011265516281,0.3006228506565094,0.0,0.0,0.7432560920715332,1.4114710092544556,0.2703971266746521
83,229151,,,,,,,,,,0.035822778940200806,0.05678835138678551,0.15150873363018036,0.2965681552886963,0.0,0.0,0.7034285664558411,1.327382206916809,0.253640741109848,,,,,,,,,
84,231879,,,,,,,,,,,,,,,,,,,0.03755098208785057,0.059455882757902145,0.15872003138065338,0.30657896399497986,0.0,0.0,0.7422069907188416,1.40145742893219,0.2673954963684082
84,231879,,,,,,,,,,0.03548553213477135,0.05639401450753212,0.1498548686504364,0.2837170958518982,0.0,0.0,0.7030283212661743,1.3199902772903442,0.2520008683204651,,,,,,,,,
85,234607,,,,,,,,,,,,,,,,,,,0.036368705332279205,0.057664599269628525,0.1547219306230545,0.28887447714805603,0.0,0.0,0.7306394577026367,1.383717656135559,0.2614159882068634
85,234607,,,,,,,,,,0.03539546951651573,0.05623197183012962,0.15505541861057281,0.32220110297203064,0.0,0.0,0.701349675655365,1.317548155784607,0.25420325994491577,,,,,,,,,
86,237335,,,,,,,,,,,,,,,,,,,0.038763538002967834,0.0593855045735836,0.15829315781593323,0.3092544972896576,0.0,0.0,0.7422087788581848,1.4049127101898193,0.268269419670105
86,237335,,,,,,,,,,0.03523699566721916,0.05618683993816376,0.1511530876159668,0.2886618375778198,0.0,0.0,0.6987015008926392,1.3057034015655518,0.25147685408592224,,,,,,,,,
87,240063,,,,,,,,,,,,,,,,,,,0.03602150082588196,0.058650270104408264,0.15830101072788239,0.3048897981643677,0.0,0.0,0.7322298288345337,1.3810852766036987,0.26445692777633667
87,240063,,,,,,,,,,0.03530849888920784,0.05608684569597244,0.14977286756038666,0.29005858302116394,0.0,0.0,0.6974588632583618,1.3048043251037598,0.25091835856437683,,,,,,,,,
88,242791,,,,,,,,,,,,,,,,,,,0.03707811236381531,0.058370441198349,0.1564083695411682,0.29674097895622253,0.0,0.0,0.7317923307418823,1.3838326930999756,0.2640034556388855
88,242791,,,,,,,,,,0.03501494228839874,0.05578145012259483,0.15042544901371002,0.2943762540817261,0.0,0.0,0.6965721845626831,1.3045495748519897,0.250688374042511,,,,,,,,,
89,245519,,,,,,,,,,,,,,,,,,,0.03461627662181854,0.056334238499403,0.1567888706922531,0.3106902837753296,0.0,0.0,0.7276915907859802,1.3735603094100952,0.26152846217155457
89,245519,,,,,,,,,,0.035063572227954865,0.055774010717868805,0.14916658401489258,0.28440991044044495,0.0,0.0,0.6961947083473206,1.3006982803344727,0.2499304860830307,,,,,,,,,
90,248247,,,,,,,,,,,,,,,,,,,0.036308612674474716,0.05819470435380936,0.15727531909942627,0.31431910395622253,0.0,0.0,0.7400398254394531,1.393771767616272,0.26464396715164185
90,248247,,,,,,,,,,0.0349370501935482,0.05573851987719536,0.14867223799228668,0.2803465723991394,0.0,0.0,0.695892333984375,1.3025944232940674,0.24966546893119812,,,,,,,,,
91,250975,,,,,,,,,,,,,,,,,,,0.035235896706581116,0.05785304680466652,0.15786124765872955,0.3116806149482727,0.0,0.0,0.7520428895950317,1.4366238117218018,0.26553428173065186
91,250975,,,,,,,,,,0.034893449395895004,0.05566630885004997,0.1489405632019043,0.2857602536678314,0.0,0.0,0.6923900842666626,1.2929567098617554,0.24907296895980835,,,,,,,,,
92,253703,,,,,,,,,,,,,,,,,,,0.03809623420238495,0.05893620848655701,0.15668419003486633,0.30263403058052063,0.0,0.0,0.7286801934242249,1.386354923248291,0.2650073170661926
92,253703,,,,,,,,,,0.03480351343750954,0.05550134927034378,0.14796383678913116,0.27964162826538086,0.0,0.0,0.6917457580566406,1.293331503868103,0.24873845279216766,,,,,,,,,
93,256431,,,,,,,,,,,,,,,,,,,0.03560463711619377,0.057224713265895844,0.15751124918460846,0.3057113587856293,0.0,0.0,0.7338333129882812,1.3967564105987549,0.2635357081890106
93,256431,,,,,,,,,,0.034690748900175095,0.05531907081604004,0.14838802814483643,0.2825559377670288,0.0,0.0,0.6910113096237183,1.2935980558395386,0.24813850224018097,,,,,,,,,
94,259159,,,,,,,,,,,,,,,,,,,0.03471050411462784,0.05643083155155182,0.15330998599529266,0.28502193093299866,0.0,0.0,0.7258667349815369,1.3885133266448975,0.2579662501811981
94,259159,,,,,,,,,,0.03458763286471367,0.0551883690059185,0.16336685419082642,0.4022270441055298,0.0,0.0,0.6910295486450195,1.3018181324005127,0.25685399770736694,,,,,,,,,
95,261887,,,,,,,,,,,,,,,,,,,0.03883818909525871,0.06022394821047783,0.1575048267841339,0.30922555923461914,0.0,0.0,0.7303687334060669,1.3845199346542358,0.26665621995925903
95,261887,,,,,,,,,,0.03434758633375168,0.05514902248978615,0.14878498017787933,0.2864634692668915,0.0,0.0,0.6881564855575562,1.2857685089111328,0.24783165752887726,,,,,,,,,
96,264615,,,,,,,,,,,,,,,,,,,0.03622481971979141,0.05845409631729126,0.15650618076324463,0.29468247294425964,0.0,0.0,0.7330215573310852,1.3883157968521118,0.26331019401550293
96,264615,,,,,,,,,,0.03427467867732048,0.0549493134021759,0.14797726273536682,0.28085920214653015,0.0,0.0,0.6880469918251038,1.2857083082199097,0.24723531305789948,,,,,,,,,
97,267343,,,,,,,,,,,,,,,,,,,0.034090422093868256,0.05645175278186798,0.15618537366390228,0.30709561705589294,0.0,0.0,0.7225914597511292,1.362128734588623,0.25950172543525696
97,267343,,,,,,,,,,0.03433314710855484,0.055101122707128525,0.14788389205932617,0.28321725130081177,0.0,0.0,0.6870961785316467,1.285387396812439,0.24723021686077118,,,,,,,,,
98,270071,,,,,,,,,,,,,,,,,,,0.035433199256658554,0.057122308760881424,0.15463052690029144,0.30070051550865173,0.0,0.0,0.72291499376297,1.3707010746002197,0.25959065556526184
98,270071,,,,,,,,,,0.034281086176633835,0.054898422211408615,0.1462724655866623,0.2729392945766449,0.0,0.0,0.6847752332687378,1.277678370475769,0.24596627056598663,,,,,,,,,
99,272799,,,,,,,,,,,,,,,,,,,0.03486897423863411,0.05727744847536087,0.15542100369930267,0.2931228280067444,0.0,0.0,0.7222570180892944,1.3666667938232422,0.2597067654132843
99,272799,,,,,,,,,,0.03414836525917053,0.05472158268094063,0.1481955349445343,0.28941452503204346,0.0,0.0,0.683392345905304,1.2758442163467407,0.24637585878372192,,,,,,,,,
100,275527,,,,,,,,,,,,,,,,,,,0.038967277854681015,0.05920680612325668,0.15526726841926575,0.3013838529586792,0.0,0.0,0.723713755607605,1.3813893795013428,0.26374489068984985
100,275527,,,,,,,,,,0.03423190116882324,0.05499498173594475,0.14589905738830566,0.269394189119339,0.0,0.0,0.6828964352607727,1.273141860961914,0.24509073793888092,,,,,,,,,
101,278255,,,,,,,,,,,,,,,,,,,0.038854531943798065,0.061124417930841446,0.15572825074195862,0.2988916337490082,0.0,0.0,0.7306696772575378,1.3762567043304443,0.2645464539527893
101,278255,,,,,,,,,,0.03417733684182167,0.0549071803689003,0.14771714806556702,0.2862418591976166,0.0,0.0,0.6828204393386841,1.2796248197555542,0.2461410015821457,,,,,,,,,
102,280983,,,,,,,,,,,,,,,,,,,0.034901272505521774,0.056861404329538345,0.15874524414539337,0.3058434724807739,0.0,0.0,0.7352926731109619,1.3988593816757202,0.2639637291431427
102,280983,,,,,,,,,,0.03398227319121361,0.05457618832588196,0.14994654059410095,0.3061186969280243,0.0,0.0,0.6799785494804382,1.2716286182403564,0.24669663608074188,,,,,,,,,
103,283711,,,,,,,,,,,,,,,,,,,0.0372890941798687,0.059934426099061966,0.154011532664299,0.2925831377506256,0.0,0.0,0.7171779870986938,1.3560843467712402,0.26021263003349304
103,283711,,,,,,,,,,0.033919986337423325,0.05467123165726662,0.14472825825214386,0.2648065388202667,0.0,0.0,0.6801930069923401,1.270631194114685,0.24356451630592346,,,,,,,,,
104,286439,,,,,,,,,,,,,,,,,,,0.03884096071124077,0.06110559031367302,0.15300290286540985,0.292684942483902,0.0,0.0,0.7203055024147034,1.3528597354888916,0.2612323462963104
104,286439,,,,,,,,,,0.033791180700063705,0.05447504296898842,0.14666162431240082,0.28110218048095703,0.0,0.0,0.6797603368759155,1.268792748451233,0.2445622682571411,,,,,,,,,
105,289167,,,,,,,,,,,,,,,,,,,0.03409966081380844,0.056346144527196884,0.15370474755764008,0.29514849185943604,0.0,0.0,0.712730884552002,1.3583523035049438,0.2565818727016449
105,289167,,,,,,,,,,0.03372621908783913,0.054414425045251846,0.14468657970428467,0.26912248134613037,0.0,0.0,0.6774371862411499,1.2637673616409302,0.24279449880123138,,,,,,,,,
106,291895,,,,,,,,,,,,,,,,,,,0.036067698150873184,0.058520350605249405,0.15830305218696594,0.31637197732925415,0.0,0.0,0.7150793075561523,1.3482489585876465,0.26254600286483765
106,291895,,,,,,,,,,0.033498428761959076,0.05408443883061409,0.1471424549818039,0.29811403155326843,0.0,0.0,0.6770197749137878,1.2621427774429321,0.24349075555801392,,,,,,,,,
107,294623,,,,,,,,,,,,,,,,,,,0.03353634104132652,0.05529230833053589,0.15380463004112244,0.29621291160583496,0.0,0.0,0.7143489718437195,1.359744906425476,0.25602689385414124
107,294623,,,,,,,,,,0.03344542905688286,0.05420210584998131,0.1449010670185089,0.26393020153045654,0.0,0.0,0.677778422832489,1.2630809545516968,0.2427138388156891,,,,,,,,,
108,297351,,,,,,,,,,,,,,,,,,,0.03422362357378006,0.055856216698884964,0.15348048508167267,0.292928546667099,0.0,0.0,0.7183310389518738,1.3575993776321411,0.256658136844635
108,297351,,,,,,,,,,0.033398766070604324,0.053917232900857925,0.14464080333709717,0.2699178159236908,0.0,0.0,0.6753515005111694,1.2616651058197021,0.24219489097595215,,,,,,,,,
109,300079,,,,,,,,,,,,,,,,,,,0.03708309680223465,0.05935223400592804,0.15424007177352905,0.29840534925460815,0.0,0.0,0.7166318297386169,1.3504691123962402,0.26017874479293823
109,300079,,,,,,,,,,0.03333725035190582,0.05384737253189087,0.14459733664989471,0.266338974237442,0.0,0.0,0.6746262311935425,1.2584847211837769,0.24181896448135376,,,,,,,,,
110,302807,,,,,,,,,,,,,,,,,,,0.035384614020586014,0.05664221569895744,0.15422660112380981,0.3106261193752289,0.0,0.0,0.7199594378471375,1.370790958404541,0.2587728202342987
110,302807,,,,,,,,,,0.03321465849876404,0.05375933274626732,0.1455039083957672,0.2693297863006592,0.0,0.0,0.6734727025032043,1.2589030265808105,0.24225962162017822,,,,,,,,,
111,305535,,,,,,,,,,,,,,,,,,,0.03489520773291588,0.05660508945584297,0.15366606414318085,0.2979235351085663,0.0,0.0,0.7207050323486328,1.3901656866073608,0.25794604420661926
111,305535,,,,,,,,,,0.03323179855942726,0.053755998611450195,0.1528553068637848,0.321733295917511,0.0,0.0,0.672774076461792,1.261383295059204,0.2464624047279358,,,,,,,,,
112,308263,,,,,,,,,,,,,,,,,,,0.04462463781237602,0.06401561945676804,0.15299025177955627,0.28880682587623596,0.0,0.0,0.7199273109436035,1.3637027740478516,0.26690465211868286
112,308263,,,,,,,,,,0.033008892089128494,0.05349351093173027,0.14862124621868134,0.28884395956993103,0.0,0.0,0.6704138517379761,1.2502802610397339,0.24354921281337738,,,,,,,,,
113,310991,,,,,,,,,,,,,,,,,,,0.03581749275326729,0.058296363800764084,0.15461386740207672,0.29678720235824585,0.0,0.0,0.7168184518814087,1.3591378927230835,0.25907036662101746
113,310991,,,,,,,,,,0.03307919576764107,0.05364074558019638,0.14594495296478271,0.27275243401527405,0.0,0.0,0.6705015897750854,1.2510933876037598,0.24152666330337524,,,,,,,,,
114,313719,,,,,,,,,,,,,,,,,,,0.034783970564603806,0.05650679022073746,0.15262411534786224,0.2922419309616089,0.0,0.0,0.7109640836715698,1.352520227432251,0.2559165358543396
114,313719,,,,,,,,,,0.03306392952799797,0.05353407561779022,0.14414647221565247,0.2640039026737213,0.0,0.0,0.6688153743743896,1.2505143880844116,0.24072343111038208,,,,,,,,,
115,316447,,,,,,,,,,,,,,,,,,,0.037140678614377975,0.05764710158109665,0.15275666117668152,0.29023483395576477,0.0,0.0,0.7133952379226685,1.3573687076568604,0.258432000875473
115,316447,,,,,,,,,,0.03293716907501221,0.05334531515836716,0.14934247732162476,0.2904775142669678,0.0,0.0,0.6681990027427673,1.2498292922973633,0.24300338327884674,,,,,,,,,
116,319175,,,,,,,,,,,,,,,,,,,0.0348350889980793,0.056830864399671555,0.15219856798648834,0.2904313802719116,0.0,0.0,0.7126755118370056,1.3747936487197876,0.2555604875087738
116,319175,,,,,,,,,,0.0328374058008194,0.053396813571453094,0.1495274156332016,0.29118815064430237,0.0,0.0,0.667660653591156,1.2444950342178345,0.24195189774036407,,,,,,,,,
117,321903,,,,,,,,,,,,,,,,,,,0.0355108268558979,0.057744596153497696,0.15407606959342957,0.2983038127422333,0.0,0.0,0.7146887183189392,1.3535856008529663,0.2582380771636963
117,321903,,,,,,,,,,0.032608065754175186,0.05316748842597008,0.14319850504398346,0.2630959153175354,0.0,0.0,0.6672558784484863,1.2435176372528076,0.23915033042430878,,,,,,,,,
118,324631,,,,,,,,,,,,,,,,,,,0.038434240967035294,0.060719799250364304,0.15264742076396942,0.29438263177871704,0.0,0.0,0.7150819897651672,1.3917292356491089,0.2597425878047943
118,324631,,,,,,,,,,0.032478220760822296,0.05300736427307129,0.15844133496284485,0.3631945252418518,0.0,0.0,0.6660065054893494,1.246772289276123,0.2449553906917572,,,,,,,,,
119,327359,,,,,,,,,,,,,,,,,,,0.03539455309510231,0.056898366659879684,0.1541714370250702,0.29812952876091003,0.0,0.0,0.7115975022315979,1.3486082553863525,0.257827490568161
119,327359,,,,,,,,,,0.03250472620129585,0.05296652019023895,0.14310871064662933,0.2680758833885193,0.0,0.0,0.664979875087738,1.2405816316604614,0.2382812649011612,,,,,,,,,
120,330087,,,,,,,,,,,,,,,,,,,0.033249009400606155,0.055240124464035034,0.15337125957012177,0.2977856397628784,0.0,0.0,0.7139024138450623,1.3736331462860107,0.25527969002723694
120,330087,,,,,,,,,,0.032390695065259933,0.05294306203722954,0.2426585555076599,0.7521422505378723,0.0,0.0,0.6681786179542542,1.2721830606460571,0.2820712625980377,,,,,,,,,
121,332815,,,,,,,,,,,,,,,,,,,0.03306251019239426,0.055407945066690445,0.1521538347005844,0.2873525321483612,0.0,0.0,0.7061418890953064,1.3378998041152954,0.2532096207141876
121,332815,,,,,,,,,,0.03226442262530327,0.05265878513455391,0.1419624388217926,0.25953346490859985,0.0,0.0,0.6630611419677734,1.2373440265655518,0.23741313815116882,,,,,,,,,
122,335543,,,,,,,,,,,,,,,,,,,0.03422984853386879,0.05665166303515434,0.15216226875782013,0.28849083185195923,0.0,0.0,0.7132748961448669,1.3544354438781738,0.2551669180393219
122,335543,,,,,,,,,,0.032323792576789856,0.052790310233831406,0.1428687423467636,0.26630300283432007,0.0,0.0,0.6612535119056702,1.2313536405563354,0.23738764226436615,,,,,,,,,
123,338271,,,,,,,,,,,,,,,,,,,0.033813878893852234,0.05648617818951607,0.15557272732257843,0.31487759947776794,0.0,0.0,0.7046959400177002,1.3397630453109741,0.25659921765327454
123,338271,,,,,,,,,,0.03218242526054382,0.05264994502067566,0.14248371124267578,0.26168152689933777,0.0,0.0,0.6608595252037048,1.2335628271102905,0.23695950210094452,,,,,,,,,
124,340999,,,,,,,,,,,,,,,,,,,0.03347073495388031,0.0549592524766922,0.15007567405700684,0.2857176959514618,0.0,0.0,0.7043654918670654,1.3386529684066772,0.2513800859451294
124,340999,,,,,,,,,,0.03198612481355667,0.052456412464380264,0.14193546772003174,0.26125526428222656,0.0,0.0,0.6595240831375122,1.2279702425003052,0.23647403717041016,,,,,,,,,
125,343727,,,,,,,,,,,,,,,,,,,0.03362824395298958,0.0557265542447567,0.15211859345436096,0.2962043285369873,0.0,0.0,0.6984745264053345,1.3220008611679077,0.25297990441322327
125,343727,,,,,,,,,,0.03210455924272537,0.05254201963543892,0.1428947150707245,0.2712061405181885,0.0,0.0,0.6594570875167847,1.2280983924865723,0.23694565892219543,,,,,,,,,
126,346455,,,,,,,,,,,,,,,,,,,0.0324556939303875,0.05485216900706291,0.152827188372612,0.29209786653518677,0.0,0.0,0.7080828547477722,1.3546133041381836,0.2535575330257416
126,346455,,,,,,,,,,0.03217673301696777,0.05379327014088631,0.3487738072872162,1.344051480293274,0.0,0.0,0.6743785738945007,1.3400532007217407,0.35222384333610535,,,,,,,,,
127,349183,,,,,,,,,,,,,,,,,,,0.03304409235715866,0.05545487254858017,0.1527426540851593,0.29581454396247864,0.0,0.0,0.7094694972038269,1.3454943895339966,0.2541036307811737
127,349183,,,,,,,,,,0.031932100653648376,0.05245225876569748,0.14096853137016296,0.25859254598617554,0.0,0.0,0.6565565466880798,1.2218223810195923,0.23541142046451569,,,,,,,,,
128,351911,,,,,,,,,,,,,,,,,,,0.03457636013627052,0.05541796609759331,0.15006807446479797,0.2898215055465698,0.0,0.0,0.7043118476867676,1.3203984498977661,0.2524084448814392
128,351911,,,,,,,,,,0.03182634711265564,0.05212455615401268,0.1408168077468872,0.2590671479701996,0.0,0.0,0.6561337113380432,1.2229926586151123,0.23501664400100708,,,,,,,,,
129,354639,,,,,,,,,,,,,,,,,,,0.032602708786726,0.055157434195280075,0.15420694649219513,0.2951653003692627,0.0,0.0,0.723232626914978,1.3628913164138794,0.25638309121131897
129,354639,,,,,,,,,,0.031938210129737854,0.05247955024242401,0.1557929366827011,0.3390413522720337,0.0,0.0,0.6549038887023926,1.2269946336746216,0.24367649853229523,,,,,,,,,
130,357367,,,,,,,,,,,,,,,,,,,0.03376537933945656,0.056032776832580566,0.15242326259613037,0.29762178659439087,0.0,0.0,0.7288095355033875,1.3921453952789307,0.25636929273605347
130,357367,,,,,,,,,,0.031591176986694336,0.05200979858636856,0.14109058678150177,0.26187804341316223,0.0,0.0,0.6539878845214844,1.216710090637207,0.23469989001750946,,,,,,,,,
131,360095,,,,,,,,,,,,,,,,,,,0.0322565883398056,0.05416224151849747,0.1522396057844162,0.3016199767589569,0.0,0.0,0.703393280506134,1.335878610610962,0.25229334831237793
131,360095,,,,,,,,,,0.031537946313619614,0.05191100016236305,0.17126227915287018,0.43486708402633667,0.0,0.0,0.6543290615081787,1.223026990890503,0.25005751848220825,,,,,,,,,
132,362823,,,,,,,,,,,,,,,,,,,0.03358792886137962,0.054768048226833344,0.15118572115898132,0.2947392463684082,0.0,0.0,0.7034602165222168,1.3435823917388916,0.2526293098926544
132,362823,,,,,,,,,,0.03151637315750122,0.05190817639231682,0.15734511613845825,0.3884700536727905,0.0,0.0,0.6552794575691223,1.2348556518554688,0.2435678243637085,,,,,,,,,
133,365551,,,,,,,,,,,,,,,,,,,0.03279257193207741,0.05434034764766693,0.15883494913578033,0.33193519711494446,0.0,0.0,0.7042888402938843,1.3442943096160889,0.25850892066955566
133,365551,,,,,,,,,,0.03167249262332916,0.05210819095373154,0.14792779088020325,0.3066823482513428,0.0,0.0,0.6528459787368774,1.2223535776138306,0.2382672280073166,,,,,,,,,
134,368279,,,,,,,,,,,,,,,,,,,0.03407227620482445,0.05617159232497215,0.1524086743593216,0.29163461923599243,0.0,0.0,0.7220686674118042,1.3509005308151245,0.2559758722782135
134,368279,,,,,,,,,,0.03125655651092529,0.05163605511188507,0.14110787212848663,0.263356477022171,0.0,0.0,0.649914026260376,1.209228515625,0.23365828394889832,,,,,,,,,
135,371007,,,,,,,,,,,,,,,,,,,0.03411062806844711,0.056014444679021835,0.15244629979133606,0.2985519766807556,0.0,0.0,0.7022398710250854,1.3429181575775146,0.2540678083896637
135,371007,,,,,,,,,,0.031285423785448074,0.051761601120233536,0.14799505472183228,0.3215271234512329,0.0,0.0,0.6497933268547058,1.2132413387298584,0.23708383738994598,,,,,,,,,
136,373735,,,,,,,,,,,,,,,,,,,0.034641001373529434,0.05691482499241829,0.15121310949325562,0.2955835461616516,0.0,0.0,0.702467143535614,1.346785306930542,0.2535359561443329
136,373735,,,,,,,,,,0.031191125512123108,0.051542218774557114,0.1503317952156067,0.34498342871665955,0.0,0.0,0.6483538150787354,1.21072518825531,0.23779672384262085,,,,,,,,,
137,376463,,,,,,,,,,,,,,,,,,,0.031633101403713226,0.05411291494965553,0.1496930569410324,0.28314873576164246,0.0,0.0,0.6973220705986023,1.3202128410339355,0.2485094964504242
137,376463,,,,,,,,,,0.031214049085974693,0.0517091304063797,0.1443299651145935,0.28997668623924255,0.0,0.0,0.6474939584732056,1.2047282457351685,0.2339702546596527,,,,,,,,,
138,379191,,,,,,,,,,,,,,,,,,,0.03314710035920143,0.055063776671886444,0.15124043822288513,0.29296791553497314,0.0,0.0,0.6998346447944641,1.332564115524292,0.2514951527118683
138,379191,,,,,,,,,,0.0310054998844862,0.05143459141254425,0.13966737687587738,0.25636619329452515,0.0,0.0,0.6456634998321533,1.2005037069320679,0.23169255256652832,,,,,,,,,
139,381919,,,,,,,,,,,,,,,,,,,0.03199547901749611,0.05401705577969551,0.1517622172832489,0.2919524013996124,0.0,0.0,0.71360844373703,1.3599762916564941,0.252564013004303
139,381919,,,,,,,,,,0.03099093772470951,0.051378268748521805,0.13950784504413605,0.2555910050868988,0.0,0.0,0.6446893215179443,1.1972849369049072,0.23136553168296814,,,,,,,,,
140,384647,,,,,,,,,,,,,,,,,,,0.032724134624004364,0.05498923733830452,0.15164226293563843,0.2943953573703766,0.0,0.0,0.7030830383300781,1.378119945526123,0.2520609200000763
140,384647,,,,,,,,,,0.03098769299685955,0.05143303424119949,0.1389545202255249,0.25579074025154114,0.0,0.0,0.6446899175643921,1.1972947120666504,0.23117798566818237,,,,,,,,,
141,387375,,,,,,,,,,,,,,,,,,,0.033000629395246506,0.055351052433252335,0.15017655491828918,0.28975892066955566,0.0,0.0,0.6981757879257202,1.3258140087127686,0.2502347528934479
141,387375,,,,,,,,,,0.030838515609502792,0.05122362822294235,0.1386464238166809,0.25047969818115234,0.0,0.0,0.6440211534500122,1.1969579458236694,0.23079727590084076,,,,,,,,,
142,390103,,,,,,,,,,,,,,,,,,,0.03207136318087578,0.05376719310879707,0.14992697536945343,0.2832150161266327,0.0,0.0,0.7059879899024963,1.3469675779342651,0.2498924434185028
142,390103,,,,,,,,,,0.030818374827504158,0.05121426284313202,0.1394142061471939,0.2610718011856079,0.0,0.0,0.6435220837593079,1.1960368156433105,0.23118361830711365,,,,,,,,,
143,392831,,,,,,,,,,,,,,,,,,,0.03108276054263115,0.05302724987268448,0.14907647669315338,0.28824561834335327,0.0,0.0,0.6882094144821167,1.3083038330078125,0.2464580088853836
143,392831,,,,,,,,,,0.030747951939702034,0.05109912157058716,0.1388673335313797,0.25590911507606506,0.0,0.0,0.6432678699493408,1.1939001083374023,0.23065832257270813,,,,,,,,,
144,395559,,,,,,,,,,,,,,,,,,,0.031548913568258286,0.053533922880887985,0.15050722658634186,0.29623162746429443,0.0,0.0,0.693211555480957,1.3164669275283813,0.2487265169620514
144,395559,,,,,,,,,,0.030653512105345726,0.05100090801715851,0.13865184783935547,0.254553884267807,0.0,0.0,0.6412919163703918,1.1913431882858276,0.2300732433795929,,,,,,,,,
145,398287,,,,,,,,,,,,,,,,,,,0.03124842420220375,0.05302064120769501,0.14881597459316254,0.2852712869644165,0.0,0.0,0.690933346748352,1.3160748481750488,0.2463635504245758
145,398287,,,,,,,,,,0.030630622059106827,0.051058609038591385,0.13937753438949585,0.2624395489692688,0.0,0.0,0.6410024762153625,1.1917885541915894,0.23032359778881073,,,,,,,,,
146,401015,,,,,,,,,,,,,,,,,,,0.031212003901600838,0.053243689239025116,0.1508507877588272,0.2976319491863251,0.0,0.0,0.6935650706291199,1.3157106637954712,0.248705193400383
146,401015,,,,,,,,,,0.030516328290104866,0.05085888132452965,0.13859982788562775,0.2636062204837799,0.0,0.0,0.6405719518661499,1.1888816356658936,0.22959470748901367,,,,,,,,,
147,403743,,,,,,,,,,,,,,,,,,,0.03152461349964142,0.05392562970519066,0.14810767769813538,0.28477439284324646,0.0,0.0,0.6854339838027954,1.2950012683868408,0.24558418989181519
147,403743,,,,,,,,,,0.030445776879787445,0.050885383039712906,0.13732068240642548,0.24833449721336365,0.0,0.0,0.6384747624397278,1.1843993663787842,0.2286723256111145,,,,,,,,,
148,406471,,,,,,,,,,,,,,,,,,,0.03283754363656044,0.053934432566165924,0.14890936017036438,0.28616464138031006,0.0,0.0,0.7013497948646545,1.3285473585128784,0.24946801364421844
148,406471,,,,,,,,,,0.03042207658290863,0.05091078206896782,0.13903754949569702,0.25421884655952454,0.0,0.0,0.6379368901252747,1.1834007501602173,0.22967615723609924,,,,,,,,,
149,409199,,,,,,,,,,,,,,,,,,,0.032987430691719055,0.054537516087293625,0.14956586062908173,0.2902527153491974,0.0,0.0,0.6943212151527405,1.3390679359436035,0.24938178062438965
149,409199,,,,,,,,,,0.030370166525244713,0.05079464986920357,0.13757333159446716,0.24880006909370422,0.0,0.0,0.6377848982810974,1.1838781833648682,0.22870734333992004,,,,,,,,,
150,411927,,,,,,,,,,,,,,,,,,,0.032766591757535934,0.05449680611491203,0.14896535873413086,0.2848967909812927,0.0,0.0,0.6879772543907166,1.3014391660690308,0.24803277850151062
150,411927,,,,,,,,,,0.03024074248969555,0.05072570592164993,0.13764746487140656,0.2506449520587921,0.0,0.0,0.635956883430481,1.1779118776321411,0.22814197838306427,,,,,,,,,
151,414655,,,,,,,,,,,,,,,,,,,0.03115631267428398,0.0529620386660099,0.14910483360290527,0.2856799066066742,0.0,0.0,0.6933931708335876,1.3171411752700806,0.24703994393348694
151,414655,,,,,,,,,,0.03024164028465748,0.05060214176774025,0.138997882604599,0.2589019536972046,0.0,0.0,0.6359533667564392,1.1818715333938599,0.22899383306503296,,,,,,,,,
152,417383,,,,,,,,,,,,,,,,,,,0.03222217038273811,0.053660523146390915,0.14828799664974213,0.2866995334625244,0.0,0.0,0.6917264461517334,1.3151636123657227,0.24703167378902435
152,417383,,,,,,,,,,0.030038628727197647,0.05040270462632179,0.13704825937747955,0.24879303574562073,0.0,0.0,0.6346239447593689,1.1759461164474487,0.22727756202220917,,,,,,,,,
153,420111,,,,,,,,,,,,,,,,,,,0.031381770968437195,0.05285462737083435,0.14888791739940643,0.28762689232826233,0.0,0.0,0.7001875638961792,1.3317545652389526,0.2475595474243164
153,420111,,,,,,,,,,0.030011910945177078,0.050377827137708664,0.13706722855567932,0.24949881434440613,0.0,0.0,0.6334497928619385,1.1739453077316284,0.22719119489192963,,,,,,,,,
154,422839,,,,,,,,,,,,,,,,,,,0.032851457595825195,0.05402016267180443,0.15025565028190613,0.29157692193984985,0.0,0.0,0.6950939297676086,1.3160189390182495,0.2501769959926605
154,422839,,,,,,,,,,0.03000691719353199,0.05048467218875885,0.1417175680398941,0.27648451924324036,0.0,0.0,0.6336914896965027,1.1784731149673462,0.22943030297756195,,,,,,,,,
155,425567,,,,,,,,,,,,,,,,,,,0.03254466876387596,0.05429752171039581,0.15082493424415588,0.2923316955566406,0.0,0.0,0.6988996863365173,1.3435211181640625,0.25036922097206116
155,425567,,,,,,,,,,0.02981824427843094,0.05013012886047363,0.13709944486618042,0.24779750406742096,0.0,0.0,0.6317405104637146,1.1691012382507324,0.226631760597229,,,,,,,,,
156,428295,,,,,,,,,,,,,,,,,,,0.03200693055987358,0.05345167964696884,0.1492285430431366,0.2884787619113922,0.0,0.0,0.6848909258842468,1.304313063621521,0.2472437471151352
156,428295,,,,,,,,,,0.029857361689209938,0.05017491430044174,0.13927631080150604,0.2686149477958679,0.0,0.0,0.6326764822006226,1.177774429321289,0.22829493880271912,,,,,,,,,
157,431023,,,,,,,,,,,,,,,,,,,0.030605541542172432,0.05209004133939743,0.14914970099925995,0.29045864939689636,0.0,0.0,0.6874393224716187,1.3056559562683105,0.24583089351654053
157,431023,,,,,,,,,,0.029646629467606544,0.05002124235033989,0.13798688352108002,0.2567174434661865,0.0,0.0,0.631575345993042,1.1717311143875122,0.22698821127414703,,,,,,,,,
158,433751,,,,,,,,,,,,,,,,,,,0.031588371843099594,0.05400761216878891,0.149491086602211,0.2931402921676636,0.0,0.0,0.6836037635803223,1.2912062406539917,0.24683091044425964
158,433751,,,,,,,,,,0.02964874915778637,0.050051022320985794,0.14010277390480042,0.2635440230369568,0.0,0.0,0.630666971206665,1.173072338104248,0.22804579138755798,,,,,,,,,
159,436479,,,,,,,,,,,,,,,,,,,0.031350843608379364,0.05264811962842941,0.14799314737319946,0.28267619013786316,0.0,0.0,0.686277449131012,1.306619644165039,0.24524648487567902
159,436479,,,,,,,,,,0.029592357575893402,0.04992246255278587,0.13575847446918488,0.24350829422473907,0.0,0.0,0.6286054253578186,1.1638646125793457,0.22521287202835083,,,,,,,,,
160,439207,,,,,,,,,,,,,,,,,,,0.03114265389740467,0.05347919464111328,0.14805668592453003,0.28724294900894165,0.0,0.0,0.6935969591140747,1.308650016784668,0.2459707409143448
160,439207,,,,,,,,,,0.029562337324023247,0.049736764281988144,0.1363832652568817,0.24811525642871857,0.0,0.0,0.62892746925354,1.1655962467193604,0.22566784918308258,,,,,,,,,
161,441935,,,,,,,,,,,,,,,,,,,0.03175085410475731,0.05343175306916237,0.14887867867946625,0.2909865081310272,0.0,0.0,0.6839537024497986,1.3066734075546265,0.24634258449077606
161,441935,,,,,,,,,,0.02947899140417576,0.04976162314414978,0.1361129879951477,0.24656787514686584,0.0,0.0,0.6274043917655945,1.1626797914505005,0.2249486744403839,,,,,,,,,
162,444663,,,,,,,,,,,,,,,,,,,0.034759607166051865,0.055608078837394714,0.148646742105484,0.2910314202308655,0.0,0.0,0.6892507076263428,1.3064042329788208,0.24997170269489288
162,444663,,,,,,,,,,0.029279107227921486,0.049602191895246506,0.1361808031797409,0.24922798573970795,0.0,0.0,0.6268787384033203,1.1619594097137451,0.2247999906539917,,,,,,,,,
163,447391,,,,,,,,,,,,,,,,,,,0.03222379833459854,0.054220523685216904,0.14978261291980743,0.28696978092193604,0.0,0.0,0.6860648393630981,1.3008909225463867,0.24793939292430878
163,447391,,,,,,,,,,0.029376715421676636,0.04954463988542557,0.13618889451026917,0.25306230783462524,0.0,0.0,0.6261283159255981,1.1620322465896606,0.22488994896411896,,,,,,,,,
164,450119,,,,,,,,,,,,,,,,,,,0.031209854409098625,0.05316462740302086,0.1470186710357666,0.283405601978302,0.0,0.0,0.6810615062713623,1.2915380001068115,0.24377290904521942
164,450119,,,,,,,,,,0.02925274521112442,0.049553293734788895,0.1357852965593338,0.2521536350250244,0.0,0.0,0.6252721548080444,1.1596399545669556,0.2242741584777832,,,,,,,,,
165,452847,,,,,,,,,,,,,,,,,,,0.030785122886300087,0.05297516658902168,0.1481984406709671,0.2828024625778198,0.0,0.0,0.6820955872535706,1.3004697561264038,0.24464190006256104
165,452847,,,,,,,,,,0.029060667380690575,0.04931158572435379,0.1357525885105133,0.2525891065597534,0.0,0.0,0.6250144243240356,1.1585807800292969,0.22403211891651154,,,,,,,,,
166,455575,,,,,,,,,,,,,,,,,,,0.03121250681579113,0.053552571684122086,0.14772222936153412,0.2893761396408081,0.0,0.0,0.6854172348976135,1.2958877086639404,0.24515630304813385
166,455575,,,,,,,,,,0.029087917879223824,0.04937798157334328,0.13545826077461243,0.24978502094745636,0.0,0.0,0.6237279176712036,1.1569300889968872,0.22387899458408356,,,,,,,,,
167,458303,,,,,,,,,,,,,,,,,,,0.031215719878673553,0.05387846753001213,0.14930425584316254,0.2903757095336914,0.0,0.0,0.6830610632896423,1.2952618598937988,0.2462483048439026
167,458303,,,,,,,,,,0.02900269441306591,0.04939908906817436,0.13523738086223602,0.24915945529937744,0.0,0.0,0.6231868267059326,1.1552568674087524,0.22336791455745697,,,,,,,,,
168,461031,,,,,,,,,,,,,,,,,,,0.03006628341972828,0.05234837532043457,0.14786814153194427,0.2895423173904419,0.0,0.0,0.6810391545295715,1.3009332418441772,0.2434047907590866
168,461031,,,,,,,,,,0.029082689434289932,0.04936438053846359,0.13541091978549957,0.2524377107620239,0.0,0.0,0.6223363280296326,1.1559038162231445,0.22359855473041534,,,,,,,,,
169,463759,,,,,,,,,,,,,,,,,,,0.031144391745328903,0.05323221534490585,0.1473061591386795,0.2836247682571411,0.0,0.0,0.679614245891571,1.2813730239868164,0.24390888214111328
169,463759,,,,,,,,,,0.028869764879345894,0.0490739643573761,0.13492277264595032,0.2490740865468979,0.0,0.0,0.6208376884460449,1.1515944004058838,0.22276829183101654,,,,,,,,,
170,466487,,,,,,,,,,,,,,,,,,,0.03042788989841938,0.05239240825176239,0.14651109278202057,0.2810920178890228,0.0,0.0,0.6807035207748413,1.2922848463058472,0.2424636334180832
170,466487,,,,,,,,,,0.028796905651688576,0.04905717447400093,0.13508222997188568,0.25050023198127747,0.0,0.0,0.6207498908042908,1.1500840187072754,0.22277149558067322,,,,,,,,,
171,469215,,,,,,,,,,,,,,,,,,,0.030039114877581596,0.05202054977416992,0.14741680026054382,0.2858887314796448,0.0,0.0,0.6808857321739197,1.2931452989578247,0.24307680130004883
171,469215,,,,,,,,,,0.02883816882967949,0.04913957789540291,0.13446004688739777,0.2470424622297287,0.0,0.0,0.6195037364959717,1.1483808755874634,0.22199533879756927,,,,,,,,,
172,471943,,,,,,,,,,,,,,,,,,,0.030417779460549355,0.05207090079784393,0.14730364084243774,0.2836369574069977,0.0,0.0,0.6780881881713867,1.2916911840438843,0.2429056167602539
172,471943,,,,,,,,,,0.028667081147432327,0.04895901679992676,0.1346265971660614,0.24857266247272491,0.0,0.0,0.6188012361526489,1.1470931768417358,0.2219456285238266,,,,,,,,,
173,474671,,,,,,,,,,,,,,,,,,,0.029879340901970863,0.052266255021095276,0.14614635705947876,0.2804148495197296,0.0,0.0,0.6790727376937866,1.2973941564559937,0.24143213033676147
173,474671,,,,,,,,,,0.02861274965107441,0.04885118454694748,0.13439080119132996,0.24670949578285217,0.0,0.0,0.6180859208106995,1.145660638809204,0.22164200246334076,,,,,,,,,
174,477399,,,,,,,,,,,,,,,,,,,0.03065989352762699,0.052751798182725906,0.1468711793422699,0.2864531874656677,0.0,0.0,0.6791276931762695,1.303575038909912,0.24305185675621033
174,477399,,,,,,,,,,0.02862509898841381,0.048915401101112366,0.13428883254528046,0.24911600351333618,0.0,0.0,0.6177687644958496,1.1463804244995117,0.2213800549507141,,,,,,,,,
175,480127,,,,,,,,,,,,,,,,,,,0.029640845954418182,0.05195941403508186,0.1476029008626938,0.29016590118408203,0.0,0.0,0.6709099411964417,1.274717092514038,0.24178914725780487
175,480127,,,,,,,,,,0.028503354638814926,0.04882422089576721,0.13416048884391785,0.24831806123256683,0.0,0.0,0.6162889003753662,1.1423420906066895,0.2211790531873703,,,,,,,,,
176,482855,,,,,,,,,,,,,,,,,,,0.030480485409498215,0.052007243037223816,0.14698511362075806,0.2862018048763275,0.0,0.0,0.6784051060676575,1.2917697429656982,0.24292373657226562
176,482855,,,,,,,,,,0.028425203636288643,0.048725876957178116,0.13429731130599976,0.2500239312648773,0.0,0.0,0.6160732507705688,1.1429128646850586,0.22100771963596344,,,,,,,,,
177,485583,,,,,,,,,,,,,,,,,,,0.030970826745033264,0.05305544659495354,0.14975573122501373,0.29458534717559814,0.0,0.0,0.6885493993759155,1.3251129388809204,0.2468760758638382
177,485583,,,,,,,,,,0.028344839811325073,0.04865580424666405,0.13366171717643738,0.24446605145931244,0.0,0.0,0.6153814792633057,1.1414602994918823,0.22033916413784027,,,,,,,,,
178,488311,,,,,,,,,,,,,,,,,,,0.03055795654654503,0.05299016460776329,0.14627066254615784,0.2826393246650696,0.0,0.0,0.67344731092453,1.278852105140686,0.2416454255580902
178,488311,,,,,,,,,,0.028330843895673752,0.048613905906677246,0.13389483094215393,0.2464074045419693,0.0,0.0,0.6150193214416504,1.1383112668991089,0.22057977318763733,,,,,,,,,
179,491039,,,,,,,,,,,,,,,,,,,0.030217893421649933,0.052111197263002396,0.14823299646377563,0.29062190651893616,0.0,0.0,0.6888666749000549,1.3280993700027466,0.2447548657655716
179,491039,,,,,,,,,,0.028236359357833862,0.04856523498892784,0.13340578973293304,0.244123637676239,0.0,0.0,0.6136540770530701,1.1356384754180908,0.21975265443325043,,,,,,,,,
180,493767,,,,,,,,,,,,,,,,,,,0.029555460438132286,0.05129443109035492,0.14617297053337097,0.2797670364379883,0.0,0.0,0.6718968749046326,1.2768592834472656,0.2404744029045105
180,493767,,,,,,,,,,0.028227340430021286,0.04848619922995567,0.13351616263389587,0.2457890659570694,0.0,0.0,0.6131905913352966,1.1353821754455566,0.21988895535469055,,,,,,,,,
181,496495,,,,,,,,,,,,,,,,,,,0.03145885840058327,0.052326008677482605,0.14745120704174042,0.2933558225631714,0.0,0.0,0.6789668798446655,1.2972091436386108,0.2441737800836563
181,496495,,,,,,,,,,0.028071735054254532,0.04837574437260628,0.13329610228538513,0.24436017870903015,0.0,0.0,0.61238032579422,1.1336978673934937,0.21940436959266663,,,,,,,,,
182,499223,,,,,,,,,,,,,,,,,,,0.029459450393915176,0.051292385905981064,0.14674997329711914,0.2841663658618927,0.0,0.0,0.6728072166442871,1.2741057872772217,0.24095913767814636
182,499223,,,,,,,,,,0.028050478547811508,0.04835290089249611,0.13325795531272888,0.244242861866951,0.0,0.0,0.6120205521583557,1.1335433721542358,0.21941976249217987,,,,,,,,,
183,501951,,,,,,,,,,,,,,,,,,,0.029839711263775826,0.05184527114033699,0.14678114652633667,0.28598541021347046,0.0,0.0,0.6761729121208191,1.2898390293121338,0.2417546808719635
183,501951,,,,,,,,,,0.028022384271025658,0.04834166169166565,0.13311676681041718,0.2440260350704193,0.0,0.0,0.6109690070152283,1.1306077241897583,0.2190047800540924,,,,,,,,,
184,504679,,,,,,,,,,,,,,,,,,,0.02961006946861744,0.051478952169418335,0.1457839161157608,0.28417038917541504,0.0,0.0,0.6670186519622803,1.2687811851501465,0.23971743881702423
184,504679,,,,,,,,,,0.02798384800553322,0.04835085943341255,0.1330023854970932,0.24384401738643646,0.0,0.0,0.610429584980011,1.1288373470306396,0.2189200073480606,,,,,,,,,
185,507407,,,,,,,,,,,,,,,,,,,0.030165622010827065,0.05247705429792404,0.14628320932388306,0.28642162680625916,0.0,0.0,0.6724072694778442,1.2819896936416626,0.2411767542362213
185,507407,,,,,,,,,,0.027845486998558044,0.04819820821285248,0.13275018334388733,0.24310354888439178,0.0,0.0,0.6092974543571472,1.1272711753845215,0.21834038197994232,,,,,,,,,
186,510135,,,,,,,,,,,,,,,,,,,0.029661593958735466,0.05178169161081314,0.14565813541412354,0.283546507358551,0.0,0.0,0.6700413823127747,1.2692018747329712,0.23970837891101837
186,510135,,,,,,,,,,0.027788430452346802,0.048053815960884094,0.1324741393327713,0.24160052835941315,0.0,0.0,0.6084932684898376,1.1248562335968018,0.21807239949703217,,,,,,,,,
187,512863,,,,,,,,,,,,,,,,,,,0.029755663126707077,0.05181927606463432,0.14660733938217163,0.2885921001434326,0.0,0.0,0.670115053653717,1.2763005495071411,0.24086426198482513
187,512863,,,,,,,,,,0.027714354917407036,0.04796880483627319,0.13265281915664673,0.24413242936134338,0.0,0.0,0.6082837581634521,1.126851201057434,0.21808399260044098,,,,,,,,,
188,515591,,,,,,,,,,,,,,,,,,,0.029329435899853706,0.05144117400050163,0.14520572125911713,0.28190183639526367,0.0,0.0,0.6707379817962646,1.2822686433792114,0.23908904194831848
188,515591,,,,,,,,,,0.02775716222822666,0.0480005219578743,0.13235625624656677,0.2432710975408554,0.0,0.0,0.6073347330093384,1.1220287084579468,0.21748901903629303,,,,,,,,,
189,518319,,,,,,,,,,,,,,,,,,,0.029137475416064262,0.05138808488845825,0.14498579502105713,0.28109341859817505,0.0,0.0,0.670244574546814,1.2725963592529297,0.238657146692276
189,518319,,,,,,,,,,0.027634134516119957,0.04799285903573036,0.13227775692939758,0.24190998077392578,0.0,0.0,0.6065901517868042,1.1213860511779785,0.217497780919075,,,,,,,,,
190,521047,,,,,,,,,,,,,,,,,,,0.03005877137184143,0.052410271018743515,0.1463480442762375,0.2853875756263733,0.0,0.0,0.6772439479827881,1.2854217290878296,0.24152855575084686
190,521047,,,,,,,,,,0.027575703337788582,0.04788469523191452,0.13207921385765076,0.2414148598909378,0.0,0.0,0.6057960987091064,1.1208386421203613,0.21713502705097198,,,,,,,,,
191,523775,,,,,,,,,,,,,,,,,,,0.029815757647156715,0.05214653164148331,0.14637064933776855,0.2847661077976227,0.0,0.0,0.6743379831314087,1.2961941957473755,0.241066575050354
191,523775,,,,,,,,,,0.027511360123753548,0.047844599932432175,0.1321079134941101,0.24158574640750885,0.0,0.0,0.6051200032234192,1.1183767318725586,0.21705719828605652,,,,,,,,,
192,526503,,,,,,,,,,,,,,,,,,,0.028638139367103577,0.05063331499695778,0.14543749392032623,0.28463903069496155,0.0,0.0,0.6708868145942688,1.278622031211853,0.23862677812576294
192,526503,,,,,,,,,,0.02741478569805622,0.0477747805416584,0.13173313438892365,0.23991736769676208,0.0,0.0,0.604782223701477,1.1177328824996948,0.2165011614561081,,,,,,,,,
193,529231,,,,,,,,,,,,,,,,,,,0.030548326671123505,0.05275694653391838,0.14650443196296692,0.2886616885662079,0.0,0.0,0.6755051016807556,1.278070092201233,0.2421119213104248
193,529231,,,,,,,,,,0.02744770422577858,0.047777894884347916,0.13179911673069,0.24138619005680084,0.0,0.0,0.6037026643753052,1.1160897016525269,0.2166656255722046,,,,,,,,,
194,531959,,,,,,,,,,,,,,,,,,,0.028825882822275162,0.05076700076460838,0.14546014368534088,0.2841055393218994,0.0,0.0,0.6680387258529663,1.273148536682129,0.2386694848537445
194,531959,,,,,,,,,,0.027344780042767525,0.04769337549805641,0.1316976547241211,0.24018645286560059,0.0,0.0,0.6035696268081665,1.1159019470214844,0.21637527644634247,,,,,,,,,
195,534687,,,,,,,,,,,,,,,,,,,0.029138023033738136,0.05125393345952034,0.14529281854629517,0.28168442845344543,0.0,0.0,0.6725508570671082,1.2770572900772095,0.23915207386016846
195,534687,,,,,,,,,,0.027280326932668686,0.04759909212589264,0.13170920312404633,0.241488978266716,0.0,0.0,0.603056788444519,1.115422010421753,0.21623866260051727,,,,,,,,,
196,537415,,,,,,,,,,,,,,,,,,,0.029376471415162086,0.05099790543317795,0.1463581770658493,0.2858360707759857,0.0,0.0,0.6739813089370728,1.2838292121887207,0.2406546026468277
196,537415,,,,,,,,,,0.027260547503829002,0.04758058488368988,0.13136550784111023,0.23916450142860413,0.0,0.0,0.6018372774124146,1.1114966869354248,0.21571341156959534,,,,,,,,,
197,540143,,,,,,,,,,,,,,,,,,,0.030798248946666718,0.05194278433918953,0.14536753296852112,0.28166088461875916,0.0,0.0,0.6667752861976624,1.2714731693267822,0.2403481900691986
197,540143,,,,,,,,,,0.02709895744919777,0.04743240028619766,0.13130204379558563,0.24172517657279968,0.0,0.0,0.6015978455543518,1.1129286289215088,0.21518447995185852,,,,,,,,,
198,542871,,,,,,,,,,,,,,,,,,,0.02949957735836506,0.05142506957054138,0.1456710249185562,0.285674512386322,0.0,0.0,0.6689529418945312,1.2781307697296143,0.23957054316997528
198,542871,,,,,,,,,,0.027094392105937004,0.04743766784667969,0.1311468482017517,0.23850789666175842,0.0,0.0,0.6010405421257019,1.1117115020751953,0.21526262164115906,,,,,,,,,
199,545599,,,,,,,,,,,,,,,,,,,0.0289674811065197,0.05090950429439545,0.1474180817604065,0.29161402583122253,0.0,0.0,0.6675039529800415,1.2666547298431396,0.24051614105701447
199,545599,,,,,,,,,,0.027014872059226036,0.04738213121891022,0.13096307218074799,0.23863375186920166,0.0,0.0,0.599849283695221,1.1088224649429321,0.21504241228103638,,,,,,,,,
200,548327,,,,,,,,,,,,,,,,,,,0.02874188870191574,0.05100826919078827,0.1456315964460373,0.2878835201263428,0.0,0.0,0.6663222312927246,1.2647966146469116,0.2385810911655426
200,548327,,,,,,,,,,0.027001040056347847,0.04733380302786827,0.13090795278549194,0.2386571764945984,0.0,0.0,0.5995692014694214,1.1086622476577759,0.2146761417388916,,,,,,,,,
201,551055,,,,,,,,,,,,,,,,,,,0.029492896050214767,0.051743604242801666,0.14636971056461334,0.29128319025039673,0.0,0.0,0.6704382300376892,1.2716604471206665,0.24030129611492157
201,551055,,,,,,,,,,0.026872720569372177,0.04723133146762848,0.13088010251522064,0.2384531944990158,0.0,0.0,0.5988171100616455,1.106450080871582,0.21462832391262054,,,,,,,,,
202,553783,,,,,,,,,,,,,,,,,,,0.02868880145251751,0.05078323185443878,0.1447792649269104,0.28267499804496765,0.0,0.0,0.666844367980957,1.2599517107009888,0.237728089094162
202,553783,,,,,,,,,,0.026826847344636917,0.04715050384402275,0.1307341456413269,0.23840941488742828,0.0,0.0,0.5986106991767883,1.1071847677230835,0.21442729234695435,,,,,,,,,
203,556511,,,,,,,,,,,,,,,,,,,0.029389260336756706,0.051279570907354355,0.14632311463356018,0.2894881069660187,0.0,0.0,0.6678954362869263,1.2799994945526123,0.23993730545043945
203,556511,,,,,,,,,,0.026797251775860786,0.04724806547164917,0.13052153587341309,0.23781654238700867,0.0,0.0,0.5975176692008972,1.1033803224563599,0.21389059722423553,,,,,,,,,
204,559239,,,,,,,,,,,,,,,,,,,0.028927979990839958,0.050919149070978165,0.14457102119922638,0.278641939163208,0.0,0.0,0.6685636043548584,1.2743349075317383,0.23799052834510803
204,559239,,,,,,,,,,0.0267465990036726,0.047158610075712204,0.13054075837135315,0.23842306435108185,0.0,0.0,0.596966564655304,1.1035314798355103,0.21388721466064453,,,,,,,,,
205,561967,,,,,,,,,,,,,,,,,,,0.02909538522362709,0.05124133825302124,0.14551816880702972,0.28768590092658997,0.0,0.0,0.6635664105415344,1.2607998847961426,0.23828598856925964
205,561967,,,,,,,,,,0.02666213922202587,0.0471111536026001,0.13043776154518127,0.23750536143779755,0.0,0.0,0.5962395071983337,1.1019532680511475,0.2137308567762375,,,,,,,,,
206,564695,,,,,,,,,,,,,,,,,,,0.02889295108616352,0.050961412489414215,0.14487223327159882,0.2813095152378082,0.0,0.0,0.6675833463668823,1.2703064680099487,0.23808985948562622
206,564695,,,,,,,,,,0.02662898786365986,0.04701438918709755,0.13017909228801727,0.23669981956481934,0.0,0.0,0.5957335829734802,1.102494716644287,0.213227316737175,,,,,,,,,
207,567423,,,,,,,,,,,,,,,,,,,0.028043311089277267,0.0500868484377861,0.14525417983531952,0.28441864252090454,0.0,0.0,0.664350152015686,1.2637962102890015,0.23710796236991882
207,567423,,,,,,,,,,0.026555662974715233,0.046948324888944626,0.13022686541080475,0.23859469592571259,0.0,0.0,0.5949402451515198,1.0985435247421265,0.21302644908428192,,,,,,,,,
208,570151,,,,,,,,,,,,,,,,,,,0.02842220477759838,0.05072324350476265,0.14514847099781036,0.2810385525226593,0.0,0.0,0.6741103529930115,1.2769607305526733,0.23853078484535217
208,570151,,,,,,,,,,0.0264798104763031,0.046944357454776764,0.13005812466144562,0.2364703267812729,0.0,0.0,0.5946025848388672,1.0992778539657593,0.21292321383953094,,,,,,,,,
209,572879,,,,,,,,,,,,,,,,,,,0.02876143902540207,0.050811901688575745,0.14540459215641022,0.28496575355529785,0.0,0.0,0.6656110882759094,1.269504189491272,0.23819343745708466
209,572879,,,,,,,,,,0.026414843276143074,0.04679199680685997,0.12994368374347687,0.2360045313835144,0.0,0.0,0.5939218997955322,1.0982763767242432,0.21274006366729736,,,,,,,,,
210,575607,,,,,,,,,,,,,,,,,,,0.028501559048891068,0.05088746175169945,0.1447361707687378,0.2831539213657379,0.0,0.0,0.6636619567871094,1.2612806558609009,0.23715658485889435
210,575607,,,,,,,,,,0.0264024306088686,0.046771906316280365,0.12974563241004944,0.23636914789676666,0.0,0.0,0.5931345820426941,1.0962188243865967,0.21232075989246368,,,,,,,,,
211,578335,,,,,,,,,,,,,,,,,,,0.02890007570385933,0.05055850371718407,0.14423176646232605,0.27938345074653625,0.0,0.0,0.6671858429908752,1.2727915048599243,0.23731940984725952
211,578335,,,,,,,,,,0.02635539323091507,0.046811774373054504,0.1296931803226471,0.2360096573829651,0.0,0.0,0.5925902128219604,1.0949589014053345,0.21217197179794312,,,,,,,,,
212,581063,,,,,,,,,,,,,,,,,,,0.028512323275208473,0.05032340809702873,0.1444677859544754,0.283499538898468,0.0,0.0,0.662442147731781,1.2591781616210938,0.2368929088115692
212,581063,,,,,,,,,,0.026310499757528305,0.04673532024025917,0.1295853853225708,0.23545950651168823,0.0,0.0,0.5922886729240417,1.094982385635376,0.2121041864156723,,,,,,,,,
213,583791,,,,,,,,,,,,,,,,,,,0.02846222184598446,0.050465021282434464,0.14414933323860168,0.2794657349586487,0.0,0.0,0.6644743084907532,1.2618046998977661,0.23651644587516785
213,583791,,,,,,,,,,0.02621583081781864,0.04660820960998535,0.1295860856771469,0.23671533167362213,0.0,0.0,0.5915727019309998,1.093328833580017,0.2117883712053299,,,,,,,,,
214,586519,,,,,,,,,,,,,,,,,,,0.02850310690701008,0.050386231392621994,0.1446666568517685,0.28167423605918884,0.0,0.0,0.6684624552726746,1.2736749649047852,0.23736587166786194
214,586519,,,,,,,,,,0.02623172663152218,0.046541959047317505,0.12944753468036652,0.23553337156772614,0.0,0.0,0.5910131335258484,1.0919069051742554,0.21174296736717224,,,,,,,,,
215,589247,,,,,,,,,,,,,,,,,,,0.028228798881173134,0.05049426481127739,0.14531651139259338,0.2877940535545349,0.0,0.0,0.6623278260231018,1.2642477750778198,0.23721666634082794
215,589247,,,,,,,,,,0.026087095960974693,0.04652968421578407,0.12933199107646942,0.23531801998615265,0.0,0.0,0.5902053117752075,1.0901641845703125,0.21137811243534088,,,,,,,,,
216,591975,,,,,,,,,,,,,,,,,,,0.02804681472480297,0.050117965787649155,0.14358998835086823,0.2779262959957123,0.0,0.0,0.6609838604927063,1.2592594623565674,0.2353390008211136
216,591975,,,,,,,,,,0.026143981143832207,0.046602021902799606,0.12907131016254425,0.23330441117286682,0.0,0.0,0.5896241068840027,1.0892059803009033,0.21122388541698456,,,,,,,,,
217,594703,,,,,,,,,,,,,,,,,,,0.028786253184080124,0.05040394887328148,0.14465154707431793,0.2825155556201935,0.0,0.0,0.6616941690444946,1.262787938117981,0.23700912296772003
217,594703,,,,,,,,,,0.02601245790719986,0.04649399593472481,0.1290569305419922,0.2346811294555664,0.0,0.0,0.5893897414207458,1.0882164239883423,0.21103063225746155,,,,,,,,,
218,597431,,,,,,,,,,,,,,,,,,,0.027749959379434586,0.049971312284469604,0.14382371306419373,0.28088805079460144,0.0,0.0,0.6605828404426575,1.2611280679702759,0.2351786345243454
218,597431,,,,,,,,,,0.025956910103559494,0.04636451601982117,0.12887632846832275,0.23354671895503998,0.0,0.0,0.588473379611969,1.0864180326461792,0.21068540215492249,,,,,,,,,
219,600159,,,,,,,,,,,,,,,,,,,0.02789820171892643,0.050111766904592514,0.1441756933927536,0.2811630666255951,0.0,0.0,0.6598057150840759,1.2581487894058228,0.23553511500358582
219,600159,,,,,,,,,,0.02588159590959549,0.04626812785863876,0.12894359230995178,0.23471888899803162,0.0,0.0,0.5881044864654541,1.0848606824874878,0.21059313416481018,,,,,,,,,
220,602887,,,,,,,,,,,,,,,,,,,0.027815544977784157,0.049925174564123154,0.1440981775522232,0.28150123357772827,0.0,0.0,0.6596834659576416,1.2566059827804565,0.23547671735286713
220,602887,,,,,,,,,,0.025895047932863235,0.04637506604194641,0.1287718564271927,0.2337827831506729,0.0,0.0,0.5876798033714294,1.0851502418518066,0.21028973162174225,,,,,,,,,
221,605615,,,,,,,,,,,,,,,,,,,0.02809273824095726,0.050073567777872086,0.1443108171224594,0.282757043838501,0.0,0.0,0.6585493683815002,1.2546656131744385,0.23573453724384308
221,605615,,,,,,,,,,0.02587113343179226,0.0463189035654068,0.12860165536403656,0.23329344391822815,0.0,0.0,0.5871325731277466,1.0839377641677856,0.21017087996006012,,,,,,,,,
222,608343,,,,,,,,,,,,,,,,,,,0.028021568432450294,0.05015021190047264,0.1438310444355011,0.280003160238266,0.0,0.0,0.6612818837165833,1.2610856294631958,0.23549911379814148
222,608343,,,,,,,,,,0.025817062705755234,0.046339113265275955,0.12862834334373474,0.23323595523834229,0.0,0.0,0.5865349769592285,1.0829211473464966,0.21027019619941711,,,,,,,,,
223,611071,,,,,,,,,,,,,,,,,,,0.028608299791812897,0.0509667694568634,0.1435619294643402,0.28043022751808167,0.0,0.0,0.6586816906929016,1.2537544965744019,0.23553022742271423
223,611071,,,,,,,,,,0.025683442130684853,0.04618033766746521,0.12837019562721252,0.23292765021324158,0.0,0.0,0.5858809947967529,1.0818228721618652,0.20962542295455933,,,,,,,,,
224,613799,,,,,,,,,,,,,,,,,,,0.027679363265633583,0.049774859100580215,0.14381396770477295,0.28054162859916687,0.0,0.0,0.6623067259788513,1.267058253288269,0.2353120595216751
224,613799,,,,,,,,,,0.02568157948553562,0.04615958780050278,0.12835288047790527,0.23331966996192932,0.0,0.0,0.5852882266044617,1.0814803838729858,0.20940306782722473,,,,,,,,,
225,616527,,,,,,,,,,,,,,,,,,,0.02779986895620823,0.04988297075033188,0.14400462806224823,0.28145626187324524,0.0,0.0,0.6630622148513794,1.2662266492843628,0.23556150496006012
225,616527,,,,,,,,,,0.025619611144065857,0.04613376781344414,0.1282173991203308,0.23209170997142792,0.0,0.0,0.5846957564353943,1.0798308849334717,0.2091805338859558,,,,,,,,,
226,619255,,,,,,,,,,,,,,,,,,,0.02800397388637066,0.05029162019491196,0.14366744458675385,0.2815012037754059,0.0,0.0,0.6594368815422058,1.2534003257751465,0.23521295189857483
226,619255,,,,,,,,,,0.025573281571269035,0.046046871691942215,0.12817679345607758,0.23214159905910492,0.0,0.0,0.5843622088432312,1.079008936882019,0.20903778076171875,,,,,,,,,
227,621983,,,,,,,,,,,,,,,,,,,0.027892829850316048,0.049875658005476,0.14340408146381378,0.2798115611076355,0.0,0.0,0.657972514629364,1.2555487155914307,0.2346956580877304
227,621983,,,,,,,,,,0.02552960067987442,0.046050652861595154,0.12801240384578705,0.23122918605804443,0.0,0.0,0.5837600231170654,1.0781230926513672,0.2089361697435379,,,,,,,,,
228,624711,,,,,,,,,,,,,,,,,,,0.02830549329519272,0.05004681274294853,0.14396575093269348,0.2833653390407562,0.0,0.0,0.658536970615387,1.2582155466079712,0.23565548658370972
228,624711,,,,,,,,,,0.025479912757873535,0.046020980924367905,0.1279551088809967,0.23380103707313538,0.0,0.0,0.5833339691162109,1.076859474182129,0.20849934220314026,,,,,,,,,
229,627439,,,,,,,,,,,,,,,,,,,0.027615070343017578,0.049820855259895325,0.14358574151992798,0.2806900441646576,0.0,0.0,0.6581724286079407,1.2524389028549194,0.23454266786575317
229,627439,,,,,,,,,,0.02546028420329094,0.04595351591706276,0.12777958810329437,0.2306729555130005,0.0,0.0,0.5825899839401245,1.0750532150268555,0.20855921506881714,,,,,,,,,
230,630167,,,,,,,,,,,,,,,,,,,0.027533413842320442,0.0497550442814827,0.14341898262500763,0.28023388981819153,0.0,0.0,0.6595726609230042,1.257646083831787,0.23442214727401733
230,630167,,,,,,,,,,0.02537407912313938,0.0458112433552742,0.1278476119041443,0.23163262009620667,0.0,0.0,0.5821546316146851,1.0749174356460571,0.20844057202339172,,,,,,,,,
231,632895,,,,,,,,,,,,,,,,,,,0.027443652972579002,0.04962753877043724,0.14387042820453644,0.28153330087661743,0.0,0.0,0.6585683226585388,1.2572300434112549,0.23465581238269806
231,632895,,,,,,,,,,0.025363169610500336,0.0459563322365284,0.12765835225582123,0.23184213042259216,0.0,0.0,0.5817909836769104,1.0738439559936523,0.2080221176147461,,,,,,,,,
232,635623,,,,,,,,,,,,,,,,,,,0.027470093220472336,0.049990471452474594,0.14317725598812103,0.2773297131061554,0.0,0.0,0.6573874354362488,1.2545665502548218,0.23389314115047455
232,635623,,,,,,,,,,0.02529781498014927,0.04581604525446892,0.12761494517326355,0.23095464706420898,0.0,0.0,0.5810380578041077,1.0728139877319336,0.20800206065177917,,,,,,,,,
233,638351,,,,,,,,,,,,,,,,,,,0.027593430131673813,0.04999104514718056,0.14394241571426392,0.2821781039237976,0.0,0.0,0.6586416363716125,1.2555471658706665,0.23489268124103546
233,638351,,,,,,,,,,0.025273626670241356,0.045850105583667755,0.12743405997753143,0.2301800698041916,0.0,0.0,0.580767035484314,1.0722991228103638,0.2077341079711914,,,,,,,,,
234,641079,,,,,,,,,,,,,,,,,,,0.02760382369160652,0.050014883279800415,0.14336605370044708,0.27945366501808167,0.0,0.0,0.6573587656021118,1.2549923658370972,0.23424994945526123
234,641079,,,,,,,,,,0.0252242349088192,0.04580853506922722,0.1275082677602768,0.23026980459690094,0.0,0.0,0.5804999470710754,1.0716605186462402,0.20780962705612183,,,,,,,,,
235,643807,,,,,,,,,,,,,,,,,,,0.027358053252100945,0.049606889486312866,0.14334118366241455,0.2799321413040161,0.0,0.0,0.6556715369224548,1.250397801399231,0.23388035595417023
235,643807,,,,,,,,,,0.025174694135785103,0.04575548693537712,0.12734049558639526,0.2304622232913971,0.0,0.0,0.5798966884613037,1.0704931020736694,0.2075139433145523,,,,,,,,,
236,646535,,,,,,,,,,,,,,,,,,,0.028291627764701843,0.04996173456311226,0.1430482715368271,0.27856209874153137,0.0,0.0,0.6566892266273499,1.2510699033737183,0.23451703786849976
236,646535,,,,,,,,,,0.025157779455184937,0.04568268731236458,0.1273367553949356,0.22981926798820496,0.0,0.0,0.5791641473770142,1.0691559314727783,0.20758654177188873,,,,,,,,,
237,649263,,,,,,,,,,,,,,,,,,,0.027344321832060814,0.049772750586271286,0.14277644455432892,0.2773333787918091,0.0,0.0,0.6558941602706909,1.2516523599624634,0.2332945168018341
237,649263,,,,,,,,,,0.0251165721565485,0.04565554857254028,0.12714223563671112,0.23008596897125244,0.0,0.0,0.5791433453559875,1.0684536695480347,0.2069762945175171,,,,,,,,,
238,651991,,,,,,,,,,,,,,,,,,,0.027308939024806023,0.04936893656849861,0.14355328679084778,0.28105127811431885,0.0,0.0,0.6564001441001892,1.2532278299331665,0.23398739099502563
238,651991,,,,,,,,,,0.02504555881023407,0.04559434950351715,0.12707416713237762,0.22945208847522736,0.0,0.0,0.5784206986427307,1.0677745342254639,0.2070738673210144,,,,,,,,,
239,654719,,,,,,,,,,,,,,,,,,,0.027327697724103928,0.04955965653061867,0.1434967815876007,0.28061774373054504,0.0,0.0,0.6553572416305542,1.2497749328613281,0.23395738005638123
239,654719,,,,,,,,,,0.025008123368024826,0.045562054961919785,0.12699906527996063,0.22844399511814117,0.0,0.0,0.5781177878379822,1.0676320791244507,0.20701102912425995,,,,,,,,,
240,657447,,,,,,,,,,,,,,,,,,,0.027286110445857048,0.04957549646496773,0.14336763322353363,0.2815987467765808,0.0,0.0,0.6554135680198669,1.24898099899292,0.23368656635284424
240,657447,,,,,,,,,,0.02494826354086399,0.045562587678432465,0.1269124448299408,0.22818294167518616,0.0,0.0,0.5775338411331177,1.0655579566955566,0.20662835240364075,,,,,,,,,
241,660175,,,,,,,,,,,,,,,,,,,0.02740548923611641,0.04971930384635925,0.1430054008960724,0.27927327156066895,0.0,0.0,0.6561213135719299,1.2519521713256836,0.2336064577102661
241,660175,,,,,,,,,,0.02493651956319809,0.04556190222501755,0.12691208720207214,0.2289227992296219,0.0,0.0,0.5773030519485474,1.0658668279647827,0.2066066563129425,,,,,,,,,
242,662903,,,,,,,,,,,,,,,,,,,0.0270023662596941,0.049403246492147446,0.1432584971189499,0.27962058782577515,0.0,0.0,0.6564986705780029,1.2523281574249268,0.233424574136734
242,662903,,,,,,,,,,0.024900300428271294,0.045472320169210434,0.12675568461418152,0.22854168713092804,0.0,0.0,0.5768322348594666,1.0646977424621582,0.20633895695209503,,,,,,,,,
243,665631,,,,,,,,,,,,,,,,,,,0.027175303548574448,0.04946547746658325,0.14332027733325958,0.2800464630126953,0.0,0.0,0.6589882969856262,1.2538108825683594,0.23396174609661102
243,665631,,,,,,,,,,0.024866405874490738,0.04542301222681999,0.12673234939575195,0.22983834147453308,0.0,0.0,0.5761926174163818,1.0638147592544556,0.20626497268676758,,,,,,,,,
244,668359,,,,,,,,,,,,,,,,,,,0.027278529480099678,0.04972553998231888,0.14318256080150604,0.2806605100631714,0.0,0.0,0.6554517149925232,1.2518020868301392,0.233483225107193
244,668359,,,,,,,,,,0.024817567318677902,0.04539824277162552,0.1265970915555954,0.22875258326530457,0.0,0.0,0.5761123895645142,1.062391757965088,0.20587386190891266,,,,,,,,,
245,671087,,,,,,,,,,,,,,,,,,,0.026960911229252815,0.04925922676920891,0.14302024245262146,0.2788502275943756,0.0,0.0,0.6548770070075989,1.2496118545532227,0.23305858671665192
245,671087,,,,,,,,,,0.02478603646159172,0.0454104021191597,0.12659260630607605,0.22909393906593323,0.0,0.0,0.5754278898239136,1.0630885362625122,0.20583927631378174,,,,,,,,,
246,673815,,,,,,,,,,,,,,,,,,,0.028030404821038246,0.05054251477122307,0.14314858615398407,0.28059592843055725,0.0,0.0,0.655871570110321,1.251320719718933,0.23422998189926147
246,673815,,,,,,,,,,0.024739302694797516,0.04531701281666756,0.12648901343345642,0.2284754365682602,0.0,0.0,0.5750187635421753,1.0615311861038208,0.20560185611248016,,,,,,,,,
247,676543,,,,,,,,,,,,,,,,,,,0.02699976973235607,0.04947451129555702,0.14298032224178314,0.2802463173866272,0.0,0.0,0.6549708247184753,1.2492419481277466,0.2330835908651352
247,676543,,,,,,,,,,0.024723434820771217,0.04529692232608795,0.126397043466568,0.22732959687709808,0.0,0.0,0.5746303200721741,1.0603646039962769,0.20579300820827484,,,,,,,,,
248,679271,,,,,,,,,,,,,,,,,,,0.027016839012503624,0.04938868060708046,0.14307795464992523,0.28003209829330444,0.0,0.0,0.6550463438034058,1.2535523176193237,0.23311448097229004
248,679271,,,,,,,,,,0.024665281176567078,0.045287374407052994,0.12633022665977478,0.22877873480319977,0.0,0.0,0.5742443203926086,1.0601942539215088,0.20524360239505768,,,,,,,,,
249,681999,,,,,,,,,,,,,,,,,,,0.02700088918209076,0.04938202723860741,0.1429184079170227,0.2798895537853241,0.0,0.0,0.6556505560874939,1.2523369789123535,0.23311717808246613
249,681999,,,,,,,,,,0.024625828489661217,0.04526057094335556,0.1262677162885666,0.22650684416294098,0.0,0.0,0.5738099813461304,1.059414029121399,0.20541201531887054,,,,,,,,,
250,684727,,,,,,,,,,,,,,,,,,,0.027103420346975327,0.049441952258348465,0.14286968111991882,0.27972331643104553,0.0,0.0,0.6535636186599731,1.2463819980621338,0.23281587660312653
250,684727,,,,,,,,,,0.024619607254862785,0.045274678617715836,0.1261626034975052,0.22687742114067078,0.0,0.0,0.573399007320404,1.0588352680206299,0.20524261891841888,,,,,,,,,
251,687455,,,,,,,,,,,,,,,,,,,0.02713552489876747,0.049480754882097244,0.14326971769332886,0.2810525894165039,0.0,0.0,0.653496503829956,1.2464457750320435,0.23331601917743683
251,687455,,,,,,,,,,0.024589456617832184,0.04525543004274368,0.1261214315891266,0.22778405249118805,0.0,0.0,0.5732808709144592,1.0581889152526855,0.20488488674163818,,,,,,,,,
252,690183,,,,,,,,,,,,,,,,,,,0.027008341625332832,0.0493445061147213,0.1430222988128662,0.27941006422042847,0.0,0.0,0.6557297110557556,1.2523717880249023,0.23318377137184143
252,690183,,,,,,,,,,0.02454136498272419,0.04523039236664772,0.12607401609420776,0.2265947312116623,0.0,0.0,0.5730354189872742,1.0586590766906738,0.20498190820217133,,,,,,,,,
253,692911,,,,,,,,,,,,,,,,,,,0.026838742196559906,0.049208253622055054,0.14360401034355164,0.28370824456214905,0.0,0.0,0.654288649559021,1.2466998100280762,0.23340614140033722
253,692911,,,,,,,,,,0.024519916623830795,0.045257605612277985,0.126036137342453,0.22621777653694153,0.0,0.0,0.5725404620170593,1.0561805963516235,0.20491145551204681,,,,,,,,,
254,695639,,,,,,,,,,,,,,,,,,,0.026859059929847717,0.04917224124073982,0.14326630532741547,0.2821696400642395,0.0,0.0,0.6536366939544678,1.2475477457046509,0.23293852806091309
254,695639,,,,,,,,,,0.02445533126592636,0.04516482353210449,0.12593169510364532,0.22657619416713715,0.0,0.0,0.5721306204795837,1.056499719619751,0.20455868542194366,,,,,,,,,
255,698367,,,,,,,,,,,,,,,,,,,0.026792334392666817,0.04923679679632187,0.14322301745414734,0.281858891248703,0.0,0.0,0.653893232345581,1.2448786497116089,0.2329636514186859
255,698367,,,,,,,,,,0.024432262405753136,0.04514022544026375,0.12591682374477386,0.2264781892299652,0.0,0.0,0.5717104077339172,1.0564485788345337,0.20455923676490784,,,,,,,,,
256,701095,,,,,,,,,,,,,,,,,,,0.026871634647250175,0.04930441081523895,0.1429973542690277,0.2812664210796356,0.0,0.0,0.6536614894866943,1.2453340291976929,0.2327333241701126
256,701095,,,,,,,,,,0.024393020197749138,0.04507843405008316,0.12581481039524078,0.22588613629341125,0.0,0.0,0.5714178681373596,1.0548930168151855,0.2043573409318924,,,,,,,,,
257,703823,,,,,,,,,,,,,,,,,,,0.026811981573700905,0.0490792877972126,0.1427815705537796,0.27945831418037415,0.0,0.0,0.6528595685958862,1.246778130531311,0.2324621081352234
257,703823,,,,,,,,,,0.024388691410422325,0.04508843272924423,0.12575970590114594,0.2263195812702179,0.0,0.0,0.5712174773216248,1.0546221733093262,0.20435664057731628,,,,,,,,,
258,706551,,,,,,,,,,,,,,,,,,,0.02735954523086548,0.0497574657201767,0.14281101524829865,0.2790416181087494,0.0,0.0,0.6556753516197205,1.2562991380691528,0.23330526053905487
258,706551,,,,,,,,,,0.024349836632609367,0.045035798102617264,0.1256614476442337,0.2255314588546753,0.0,0.0,0.5707029104232788,1.053792953491211,0.20419402420520782,,,,,,,,,
259,709279,,,,,,,,,,,,,,,,,,,0.026833094656467438,0.04930255562067032,0.14291830360889435,0.280748188495636,0.0,0.0,0.6530422568321228,1.246401071548462,0.2325892448425293
259,709279,,,,,,,,,,0.02432447299361229,0.04507888853549957,0.12564139068126678,0.2259020209312439,0.0,0.0,0.5705428719520569,1.0533238649368286,0.2040499895811081,,,,,,,,,
260,712007,,,,,,,,,,,,,,,,,,,0.02687058411538601,0.04907885938882828,0.14339938759803772,0.28279542922973633,0.0,0.0,0.6535422801971436,1.2450119256973267,0.23311614990234375
260,712007,,,,,,,,,,0.024291932582855225,0.04502147063612938,0.12556107342243195,0.22539938986301422,0.0,0.0,0.5701774954795837,1.0527026653289795,0.2039518654346466,,,,,,,,,
261,714735,,,,,,,,,,,,,,,,,,,0.026699259877204895,0.04912187159061432,0.14303873479366302,0.2809722423553467,0.0,0.0,0.6530322432518005,1.2452833652496338,0.23259402811527252
261,714735,,,,,,,,,,0.024274660274386406,0.04507026821374893,0.12553343176841736,0.22566261887550354,0.0,0.0,0.5700042247772217,1.0520879030227661,0.20389093458652496,,,,,,,,,
262,717463,,,,,,,,,,,,,,,,,,,0.026796232908964157,0.04902920499444008,0.14259472489356995,0.2788706123828888,0.0,0.0,0.6531704068183899,1.2468204498291016,0.23228494822978973
262,717463,,,,,,,,,,0.02423163503408432,0.044923074543476105,0.12547533214092255,0.224859356880188,0.0,0.0,0.5697314143180847,1.0519802570343018,0.20383509993553162,,,,,,,,,
263,720191,,,,,,,,,,,,,,,,,,,0.02699865587055683,0.04912150651216507,0.14277036488056183,0.2794841527938843,0.0,0.0,0.6530007123947144,1.24648916721344,0.23260249197483063
263,720191,,,,,,,,,,0.024220099672675133,0.04502798616886139,0.12542973458766937,0.22589753568172455,0.0,0.0,0.5694339871406555,1.0518029928207397,0.20352236926555634,,,,,,,,,
264,722919,,,,,,,,,,,,,,,,,,,0.02669255994260311,0.04907461628317833,0.14258642494678497,0.2795924246311188,0.0,0.0,0.6520485281944275,1.2433267831802368,0.2321004569530487
264,722919,,,,,,,,,,0.02418859302997589,0.044996004551649094,0.1253933608531952,0.22479066252708435,0.0,0.0,0.5689978003501892,1.050154447555542,0.20353958010673523,,,,,,,,,
265,725647,,,,,,,,,,,,,,,,,,,0.026764770969748497,0.04907796531915665,0.1428719013929367,0.2808590531349182,0.0,0.0,0.652310848236084,1.2443699836730957,0.23239807784557343
265,725647,,,,,,,,,,0.024164963513612747,0.04493432492017746,0.12531888484954834,0.22507448494434357,0.0,0.0,0.5687807202339172,1.050471305847168,0.2033744603395462,,,,,,,,,
266,728375,,,,,,,,,,,,,,,,,,,0.027001595124602318,0.049442194402217865,0.14269031584262848,0.2802979052066803,0.0,0.0,0.6520706415176392,1.243078351020813,0.23247097432613373
266,728375,,,,,,,,,,0.024137089028954506,0.04497876763343811,0.1253051608800888,0.22587917745113373,0.0,0.0,0.5686371326446533,1.0508859157562256,0.2032599151134491,,,,,,,,,
267,731103,,,,,,,,,,,,,,,,,,,0.02671755664050579,0.048993948847055435,0.14262880384922028,0.27961862087249756,0.0,0.0,0.652373731136322,1.2459427118301392,0.23211835324764252
267,731103,,,,,,,,,,0.02411687932908535,0.044867537915706635,0.12523113191127777,0.22480177879333496,0.0,0.0,0.5682841539382935,1.0503357648849487,0.20319020748138428,,,,,,,,,
268,733831,,,,,,,,,,,,,,,,,,,0.02673005312681198,0.04912682622671127,0.14253146946430206,0.27873384952545166,0.0,0.0,0.652614951133728,1.2446651458740234,0.23211218416690826
268,733831,,,,,,,,,,0.024088812991976738,0.04477738216519356,0.12518882751464844,0.22494809329509735,0.0,0.0,0.5680766701698303,1.048810362815857,0.203155517578125,,,,,,,,,
269,736559,,,,,,,,,,,,,,,,,,,0.0265507772564888,0.048933807760477066,0.14283877611160278,0.28062787652015686,0.0,0.0,0.6523942351341248,1.2447445392608643,0.23218585550785065
269,736559,,,,,,,,,,0.02407277561724186,0.044773638248443604,0.12515774369239807,0.22479717433452606,0.0,0.0,0.5678209662437439,1.0489226579666138,0.20300446450710297,,,,,,,,,
270,739287,,,,,,,,,,,,,,,,,,,0.026643473654985428,0.049165744334459305,0.14274252951145172,0.2805924713611603,0.0,0.0,0.6520254611968994,1.2449477910995483,0.23216193914413452
270,739287,,,,,,,,,,0.024042822420597076,0.04474706947803497,0.12510067224502563,0.22433270514011383,0.0,0.0,0.5676893591880798,1.0492010116577148,0.20299763977527618,,,,,,,,,
271,742015,,,,,,,,,,,,,,,,,,,0.026630468666553497,0.04902296140789986,0.1427960842847824,0.2810175120830536,0.0,0.0,0.6518726348876953,1.2442914247512817,0.232155442237854
271,742015,,,,,,,,,,0.024029633030295372,0.044856034219264984,0.12506167590618134,0.22451582551002502,0.0,0.0,0.5673834085464478,1.048667073249817,0.20281445980072021,,,,,,,,,
272,744743,,,,,,,,,,,,,,,,,,,0.026765255257487297,0.04935832694172859,0.1429077684879303,0.281035453081131,0.0,0.0,0.652526319026947,1.2443739175796509,0.2325010597705841
272,744743,,,,,,,,,,0.024006037041544914,0.04473854973912239,0.12504902482032776,0.22463750839233398,0.0,0.0,0.5671318173408508,1.0482724905014038,0.20276132225990295,,,,,,,,,
273,747471,,,,,,,,,,,,,,,,,,,0.02653411217033863,0.049053486436605453,0.14289423823356628,0.280845046043396,0.0,0.0,0.6518130302429199,1.244566798210144,0.23213084042072296
273,747471,,,,,,,,,,0.023994244635105133,0.044756483286619186,0.12498997896909714,0.2235470563173294,0.0,0.0,0.5668976902961731,1.0472990274429321,0.20286911725997925,,,,,,,,,
274,750199,,,,,,,,,,,,,,,,,,,0.026474393904209137,0.04902338236570358,0.142793670296669,0.28037822246551514,0.0,0.0,0.6518788933753967,1.244268774986267,0.23202882707118988
274,750199,,,,,,,,,,0.02396995760500431,0.044767916202545166,0.12497508525848389,0.22387966513633728,0.0,0.0,0.566743016242981,1.0465995073318481,0.20262891054153442,,,,,,,,,
275,752927,,,,,,,,,,,,,,,,,,,0.026469750329852104,0.04897313192486763,0.1426602005958557,0.279802531003952,0.0,0.0,0.6518144607543945,1.2445969581604004,0.23187218606472015
275,752927,,,,,,,,,,0.023948557674884796,0.04469485208392143,0.12491899728775024,0.2239072620868683,0.0,0.0,0.5665211081504822,1.0467808246612549,0.2026042491197586,,,,,,,,,
276,755655,,,,,,,,,,,,,,,,,,,0.026510348543524742,0.0489848330616951,0.1425975263118744,0.2798383831977844,0.0,0.0,0.6515283584594727,1.2442371845245361,0.23183633387088776
276,755655,,,,,,,,,,0.023933198302984238,0.044744446873664856,0.12489371746778488,0.22339943051338196,0.0,0.0,0.5663868188858032,1.0467784404754639,0.2025696486234665,,,,,,,,,
277,758383,,,,,,,,,,,,,,,,,,,0.02651296742260456,0.04888582229614258,0.1427866369485855,0.2807249426841736,0.0,0.0,0.6515167951583862,1.244202971458435,0.23199087381362915
277,758383,,,,,,,,,,0.023914072662591934,0.0447298102080822,0.12486963719129562,0.22358568012714386,0.0,0.0,0.5661487579345703,1.0465738773345947,0.20251227915287018,,,,,,,,,
278,761111,,,,,,,,,,,,,,,,,,,0.026477636769413948,0.04892296344041824,0.1426783800125122,0.2800734043121338,0.0,0.0,0.6513068079948425,1.2425612211227417,0.23185637593269348
278,761111,,,,,,,,,,0.023891892284154892,0.044758670032024384,0.12482909113168716,0.22300253808498383,0.0,0.0,0.5660672783851624,1.0461821556091309,0.20267556607723236,,,,,,,,,
279,763839,,,,,,,,,,,,,,,,,,,0.026517236605286598,0.0490526407957077,0.14277230203151703,0.28068241477012634,0.0,0.0,0.651041567325592,1.2418758869171143,0.23194192349910736
279,763839,,,,,,,,,,0.023878103122115135,0.04467277228832245,0.12481705844402313,0.22339141368865967,0.0,0.0,0.5658697485923767,1.046353816986084,0.20237813889980316,,,,,,,,,
280,766567,,,,,,,,,,,,,,,,,,,0.026543259620666504,0.04908269643783569,0.1426256000995636,0.279641330242157,0.0,0.0,0.6516180634498596,1.2432234287261963,0.23191465437412262
280,766567,,,,,,,,,,0.02387327142059803,0.04471674561500549,0.12477156519889832,0.2240966409444809,0.0,0.0,0.5657082200050354,1.0452344417572021,0.2021952122449875,,,,,,,,,
281,769295,,,,,,,,,,,,,,,,,,,0.026505326852202415,0.04898492991924286,0.14263200759887695,0.27978208661079407,0.0,0.0,0.6512926816940308,1.2431071996688843,0.23183326423168182
281,769295,,,,,,,,,,0.023861313238739967,0.044741980731487274,0.12476230412721634,0.22373731434345245,0.0,0.0,0.5655027031898499,1.0451666116714478,0.20217205584049225,,,,,,,,,
282,772023,,,,,,,,,,,,,,,,,,,0.02641996182501316,0.0489601269364357,0.14268462359905243,0.2801312208175659,0.0,0.0,0.6514405608177185,1.2438863515853882,0.2318168729543686
282,772023,,,,,,,,,,0.02384062670171261,0.04469412565231323,0.1247149184346199,0.2238268405199051,0.0,0.0,0.5654111504554749,1.0455238819122314,0.2020782232284546,,,,,,,,,
283,774751,,,,,,,,,,,,,,,,,,,0.026434211060404778,0.04900195822119713,0.1426289826631546,0.27980637550354004,0.0,0.0,0.650954008102417,1.2436624765396118,0.23171229660511017
283,774751,,,,,,,,,,0.023825958371162415,0.044644054025411606,0.12470245361328125,0.2242845594882965,0.0,0.0,0.5653107762336731,1.0445208549499512,0.20202556252479553,,,,,,,,,
284,777479,,,,,,,,,,,,,,,,,,,0.026488130912184715,0.049040306359529495,0.14264525473117828,0.28058922290802,0.0,0.0,0.6512417793273926,1.2442256212234497,0.23182570934295654
284,777479,,,,,,,,,,0.023816116154193878,0.044674839824438095,0.1246705949306488,0.22320184111595154,0.0,0.0,0.5651319026947021,1.0447275638580322,0.20223325490951538,,,,,,,,,
285,780207,,,,,,,,,,,,,,,,,,,0.026455704122781754,0.04900669306516647,0.14256052672863007,0.27955979108810425,0.0,0.0,0.6512377262115479,1.2441829442977905,0.23172087967395782
285,780207,,,,,,,,,,0.023807696998119354,0.04461383447051048,0.12465181946754456,0.22315654158592224,0.0,0.0,0.5650108456611633,1.0449169874191284,0.20207978785037994,,,,,,,,,
286,782935,,,,,,,,,,,,,,,,,,,0.02638363093137741,0.04889434948563576,0.1426900327205658,0.28020259737968445,0.0,0.0,0.6520023941993713,1.2446794509887695,0.23183195292949677
286,782935,,,,,,,,,,0.023795539513230324,0.044644538313150406,0.12463497370481491,0.22287039458751678,0.0,0.0,0.5648908615112305,1.0443074703216553,0.20209135115146637,,,,,,,,,
287,785663,,,,,,,,,,,,,,,,,,,0.02646549604833126,0.04899942874908447,0.14267034828662872,0.2802881896495819,0.0,0.0,0.6513872146606445,1.2441933155059814,0.23183666169643402
287,785663,,,,,,,,,,0.023791776970028877,0.044667232781648636,0.12460697442293167,0.22294729948043823,0.0,0.0,0.5647995471954346,1.0435081720352173,0.20202507078647614,,,,,,,,,
288,788391,,,,,,,,,,,,,,,,,,,0.02636953443288803,0.04885965213179588,0.14270949363708496,0.28033316135406494,0.0,0.0,0.6512772440910339,1.243519902229309,0.23176942765712738
288,788391,,,,,,,,,,0.02377750165760517,0.044638652354478836,0.12459858506917953,0.22342298924922943,0.0,0.0,0.5647012591362,1.0447887182235718,0.2018464207649231,,,,,,,,,
289,791119,,,,,,,,,,,,,,,,,,,0.02642637863755226,0.04893345385789871,0.14268890023231506,0.28041136264801025,0.0,0.0,0.6512129306793213,1.2439454793930054,0.23178677260875702
289,791119,,,,,,,,,,0.02376103401184082,0.04455602169036865,0.12460421025753021,0.22319023311138153,0.0,0.0,0.5645977258682251,1.0434938669204712,0.2018122524023056,,,,,,,,,
290,793847,,,,,,,,,,,,,,,,,,,0.0264086052775383,0.04884563758969307,0.14258794486522675,0.27978941798210144,0.0,0.0,0.6510235667228699,1.243431806564331,0.23166801035404205
290,793847,,,,,,,,,,0.02375846914947033,0.04464295133948326,0.12457262724637985,0.2234376072883606,0.0,0.0,0.5645239949226379,1.0438647270202637,0.20176345109939575,,,,,,,,,
291,796575,,,,,,,,,,,,,,,,,,,0.026406794786453247,0.04893571883440018,0.1426158845424652,0.2801631987094879,0.0,0.0,0.6514449119567871,1.244181513786316,0.23173190653324127
291,796575,,,,,,,,,,0.02375979907810688,0.044622503221035004,0.12454571574926376,0.2231270968914032,0.0,0.0,0.564432680606842,1.0431162118911743,0.20181095600128174,,,,,,,,,
292,799303,,,,,,,,,,,,,,,,,,,0.02642511948943138,0.04899273440241814,0.14264295995235443,0.2800748944282532,0.0,0.0,0.6511079668998718,1.2427400350570679,0.23174041509628296
292,799303,,,,,,,,,,0.023746628314256668,0.04455801472067833,0.12455631047487259,0.22370007634162903,0.0,0.0,0.564332902431488,1.0431361198425293,0.2016545981168747,,,,,,,,,
293,802031,,,,,,,,,,,,,,,,,,,0.026397351175546646,0.04885006695985794,0.14265777170658112,0.2800695300102234,0.0,0.0,0.6511656045913696,1.2430888414382935,0.2317311018705368
293,802031,,,,,,,,,,0.023740634322166443,0.04463266208767891,0.12452216446399689,0.2232864797115326,0.0,0.0,0.5643301010131836,1.0436692237854004,0.20169930160045624,,,,,,,,,
294,804759,,,,,,,,,,,,,,,,,,,0.026396194472908974,0.04883860424160957,0.14268596470355988,0.28031155467033386,0.0,0.0,0.6513069868087769,1.2436367273330688,0.23177754878997803
294,804759,,,,,,,,,,0.02373449131846428,0.044583406299352646,0.12452097237110138,0.22532130777835846,0.0,0.0,0.5642493367195129,1.0433695316314697,0.20156127214431763,,,,,,,,,
295,807487,,,,,,,,,,,,,,,,,,,0.026392579078674316,0.04887641966342926,0.14259344339370728,0.2797791063785553,0.0,0.0,0.6512212157249451,1.2439278364181519,0.2316623330116272
295,807487,,,,,,,,,,0.023727741092443466,0.04463299736380577,0.12451208382844925,0.22322967648506165,0.0,0.0,0.5641799569129944,1.044019103050232,0.2017516940832138,,,,,,,,,
296,810215,,,,,,,,,,,,,,,,,,,0.026415817439556122,0.048892371356487274,0.14263150095939636,0.2799636125564575,0.0,0.0,0.651101291179657,1.2431349754333496,0.2317182868719101
296,810215,,,,,,,,,,0.023727279156446457,0.04460238292813301,0.12450835108757019,0.22270567715168,0.0,0.0,0.5641137361526489,1.0428415536880493,0.20175392925739288,,,,,,,,,
297,812943,,,,,,,,,,,,,,,,,,,0.026350371539592743,0.04886503145098686,0.14279331266880035,0.28069689869880676,0.0,0.0,0.6511217951774597,1.2435680627822876,0.23180343210697174
297,812943,,,,,,,,,,0.023724034428596497,0.044561419636011124,0.12449978291988373,0.2226615995168686,0.0,0.0,0.5640873908996582,1.043298602104187,0.2018711119890213,,,,,,,,,
298,815671,,,,,,,,,,,,,,,,,,,0.026429450139403343,0.0488593727350235,0.14263401925563812,0.28001004457473755,0.0,0.0,0.6509495377540588,1.2426100969314575,0.23172229528427124
298,815671,,,,,,,,,,0.023719346150755882,0.04453863948583603,0.12449487298727036,0.22295580804347992,0.0,0.0,0.5641001462936401,1.0430212020874023,0.2016746997833252,,,,,,,,,
299,818399,,,,,,,,,,,,,,,,,,,0.026366274803876877,0.048867978155612946,0.1426590234041214,0.28022658824920654,0.0,0.0,0.6509170532226562,1.2429285049438477,0.2316775768995285
299,818399,,,,,,,,,,0.023712577298283577,0.04459038004279137,0.12449197471141815,0.22259894013404846,0.0,0.0,0.5640192031860352,1.0430641174316406,0.2017563134431839,,,,,,,,,
300,818400,0.026168815791606903,0.04636627435684204,0.1437644213438034,0.2908116579055786,0.0,0.0,0.6462423801422119,1.208066463470459,0.23207812011241913,,,,,,,,,,,,,,,,,,
