epoch,version,train_Energy_MAE,train_Energy_RMSE,train_Force_MAE,train_Force_RMSE,train_Magmom_MAE,train_Magmom_RMSE,train_Stress_MAE,train_Stress_RMSE,train_Total_Loss,val_Energy_MAE,val_Energy_RMSE,val_Force_MAE,val_Force_RMSE,val_Magmom_MAE,val_Magmom_RMSE,val_Stress_MAE,val_Stress_RMSE,val_Total_Loss
0,0,0.218664601445198,0.2913351655006408,0.3732527792453766,0.8146851658821106,0.0,0.0,2.0635855197906494,4.163863658905029,0.7894360423088074,0.1051211953163147,0.1492725014686584,0.3088825047016144,0.600246250629425,0.0,0.0,1.5229302644729614,3.1218390464782715,0.5602849125862122
1,1,0.1034913137555122,0.1443958878517151,0.2909583151340484,0.5979276299476624,0.0,0.0,1.4039233922958374,2.834460735321045,0.5271607041358948,0.0819932594895362,0.1189348995685577,0.2743397951126098,0.5572146773338318,0.0,0.0,1.3380115032196045,2.8370578289031982,0.4841051697731018
2,1,0.087561510503292,0.1240024790167808,0.275997906923294,0.6399074792861938,0.0,0.0,1.269727349281311,2.562443971633911,0.4772440493106842,0.0767531171441078,0.1103647202253341,0.2491800487041473,0.4718023538589477,0.0,0.0,1.2119472026824951,2.424033641815185,0.4425616562366485
3,1,0.0783032849431037,0.1111888661980629,0.2520875036716461,0.5439813733100891,0.0,0.0,1.193655490875244,2.409475564956665,0.4413789212703705,0.0811046585440635,0.1138164848089218,0.2361674755811691,0.4541769623756408,0.0,0.0,1.1216559410095217,2.281451940536499,0.4247448742389679
4,1,0.0728909149765968,0.1032481268048286,0.2348623573780059,0.4694666564464569,0.0,0.0,1.1351687908172607,2.27294921875,0.4153678715229034,0.0710708498954773,0.1023713946342468,0.2386274933815002,0.5158985257148743,0.0,0.0,1.1250216960906982,2.2583982944488525,0.4173292517662048
5,1,0.0677503198385238,0.0967047736048698,0.2381797283887863,0.5629025101661682,0.0,0.0,1.088807225227356,2.1817820072174072,0.402624100446701,0.0829067975282669,0.1093619838356971,0.2171530872583389,0.4245020747184753,0.0,0.0,1.048150897026062,2.073249340057373,0.4005379974842071
6,1,0.0648267790675163,0.0923503115773201,0.2176474332809448,0.4322354793548584,0.0,0.0,1.0486230850219729,2.0647363662719727,0.3816555142402649,0.0729932412505149,0.0987714454531669,0.2114934474229812,0.4029079675674438,0.0,0.0,1.049100041389465,2.174875497817993,0.3854313194751739
7,1,0.0626942738890647,0.0893229097127914,0.2132830917835235,0.4266141653060913,0.0,0.0,1.022876262664795,2.010258436203003,0.3729357719421386,0.0626075342297554,0.0904520601034164,0.2152465581893921,0.3975653350353241,0.0,0.0,1.057166576385498,2.0732581615448,0.3795371949672699
8,1,0.0597958341240882,0.0857923999428749,0.2078860253095626,0.4094156920909881,0.0,0.0,1.004642128944397,1.9710036516189573,0.3633110821247101,0.0644607096910476,0.0913913026452064,0.2054043710231781,0.4052496552467346,0.0,0.0,0.9699009656906128,1.8793965578079224,0.3623003363609314
9,1,0.0579887405037879,0.0838071182370185,0.2083412706851959,0.4347665905952453,0.0,0.0,0.9824213981628418,1.913756251335144,0.3579266667366028,0.0524364076554775,0.0784340426325798,0.1959583461284637,0.358234167098999,0.0,0.0,0.9510711431503296,1.8344230651855469,0.3398837745189667
10,1,0.0565924160182476,0.081651858985424,0.2003899812698364,0.3951089680194855,0.0,0.0,0.9651517868041992,1.8719068765640257,0.3483003377914428,0.0608157329261302,0.086487777531147,0.1998680084943771,0.3630151748657226,0.0,0.0,0.9897224307060242,1.9500410556793213,0.3564307391643524
11,1,0.0556934028863906,0.080477736890316,0.1966052204370498,0.3798633217811584,0.0,0.0,0.949571430683136,1.8418549299240112,0.3429368734359741,0.0624559186398983,0.0882687419652938,0.1944286823272705,0.3702460825443268,0.0,0.0,0.950398325920105,1.857245922088623,0.3481172323226928
12,1,0.0540396310389041,0.078567586839199,0.1931440532207489,0.3682676255702972,0.0,0.0,0.935530126094818,1.801406979560852,0.3364526033401489,0.0551848709583282,0.0802767723798751,0.1992512494325637,0.3796603083610534,0.0,0.0,0.9480128884315492,1.890735149383545,0.3451467454433441
13,1,0.0531304851174354,0.0775357261300087,0.1963673681020736,0.4085738658905029,0.0,0.0,0.9220497012138368,1.7846800088882446,0.3350628018379211,0.0488212667405605,0.0743944272398948,0.1968358606100082,0.3790178298950195,0.0,0.0,0.9395877122879028,1.8075675964355469,0.3360447287559509
14,1,0.0516477450728416,0.0755065828561782,0.1913358867168426,0.380956619977951,0.0,0.0,0.910593807697296,1.7463955879211426,0.3285955786705017,0.05158057436347,0.0765323117375373,0.1878017783164978,0.3519851565361023,0.0,0.0,0.9718336462974548,1.8450640439987185,0.3332374989986419
15,1,0.0513311065733432,0.075232870876789,0.1889473795890808,0.3770137429237366,0.0,0.0,0.8982378244400024,1.72496497631073,0.3250832259654999,0.047713853418827,0.0722365155816078,0.1895639151334762,0.3683988153934479,0.0,0.0,0.8950856328010559,1.7114627361297607,0.3230921030044555
16,1,0.050232108682394,0.0740571692585945,0.184663325548172,0.3486068248748779,0.0,0.0,0.8886224031448364,1.701265573501587,0.3199846148490906,0.0534390360116958,0.0792590081691742,0.1850323528051376,0.3399397730827331,0.0,0.0,0.8922840356826782,1.7127643823623655,0.3245437741279602
17,1,0.0497452244162559,0.0731759294867515,0.1852284520864486,0.36499685049057,0.0,0.0,0.8799367547035217,1.6841795444488523,0.3183431923389435,0.0498653464019298,0.074922077357769,0.1878575980663299,0.3467308282852173,0.0,0.0,0.8956781029701233,1.737572193145752,0.3240547776222229
18,1,0.0493546873331069,0.0725641176104545,0.1810234636068344,0.3427470624446869,0.0,0.0,0.8725555539131165,1.6667762994766235,0.3136664927005768,0.0461922697722911,0.0700197294354438,0.1818918585777282,0.3428173959255218,0.0,0.0,0.8932507634162903,1.76544988155365,0.3141071200370788
19,1,0.0488015599548816,0.0720818564295768,0.181777223944664,0.355688214302063,0.0,0.0,0.8668105602264404,1.649152159690857,0.3125403821468353,0.0470704548060894,0.0715409368276596,0.182325080037117,0.3517984449863434,0.0,0.0,0.8836731910705566,1.772060513496399,0.3143402636051178
20,1,0.0478500984609127,0.0711062625050544,0.1805005818605423,0.3444754779338836,0.0,0.0,0.8598317503929138,1.633273363113403,0.3097615540027618,0.0500213429331779,0.0743984058499336,0.185111403465271,0.3673613369464874,0.0,0.0,0.9438899755477904,1.7891016006469729,0.3260834217071533
21,1,0.0474729053676128,0.0704497843980789,0.181089237332344,0.3611283600330353,0.0,0.0,0.8537811636924744,1.6318659782409668,0.3088753819465637,0.0478230491280555,0.0720386132597923,0.1797733604907989,0.3424447476863861,0.0,0.0,0.8647295832633972,1.6653650999069214,0.3110517859458923
22,1,0.0470211021602153,0.0696274191141128,0.1779941320419311,0.3438190221786499,0.0,0.0,0.8480748534202576,1.6151593923568726,0.3054412305355072,0.0456057451665401,0.0689463391900062,0.1809661239385604,0.3571305572986603,0.0,0.0,0.867638349533081,1.6931709051132202,0.3099574446678161
23,1,0.0466868430376052,0.0694082602858543,0.190083771944046,0.4884398579597473,0.0,0.0,0.8433002829551697,1.6161108016967771,0.3095913529396057,0.043558195233345,0.0676029846072197,0.1774697750806808,0.3300490081310272,0.0,0.0,0.8407491445541382,1.588575005531311,0.301801323890686
24,1,0.0464319810271263,0.0691747888922691,0.1754416525363922,0.3389295935630798,0.0,0.0,0.8349841237068176,1.590003252029419,0.3011055588722229,0.0496093295514583,0.072507306933403,0.1831924617290496,0.3414598703384399,0.0,0.0,0.8784042596817017,1.675894260406494,0.3171340227127075
25,1,0.0459562726318836,0.0685870721936225,0.1943225413560867,0.4450295567512512,0.0,0.0,0.8342868685722351,1.59672212600708,0.3113767206668854,0.0496734194457531,0.0729310140013694,0.1794904321432113,0.3445854485034942,0.0,0.0,0.8975502848625183,1.784309148788452,0.3157053291797638
26,1,0.0452658347785472,0.0677062273025512,0.1735554337501526,0.3295913338661194,0.0,0.0,0.827271580696106,1.5650830268859863,0.2974388599395752,0.047783650457859,0.0704410523176193,0.1740623414516449,0.3340214490890503,0.0,0.0,0.8399304747581482,1.6021941900253296,0.3026173710823059
27,1,0.0451061055064201,0.0675683096051216,0.1728976964950561,0.3307114839553833,0.0,0.0,0.8216652274131775,1.5609673261642456,0.2958276271820068,0.0511575639247894,0.0717038810253143,0.1736863404512405,0.3303788006305694,0.0,0.0,0.8411057591438293,1.602067232131958,0.3058413863182068
28,1,0.0446438044309616,0.0670544579625129,0.1716247946023941,0.32767453789711,0.0,0.0,0.8183416724205017,1.5523561239242554,0.2941184341907501,0.0428173653781414,0.0659111216664314,0.172887846827507,0.3322732150554657,0.0,0.0,0.8353319764137268,1.6122063398361206,0.2962163686752319
29,1,0.0444666258990764,0.0667334869503974,0.1719619780778885,0.3333176970481872,0.0,0.0,0.8137081265449524,1.5394034385681152,0.2934114634990692,0.0491430014371871,0.0744139701128006,0.178649216890335,0.3821954727172851,0.0,0.0,0.8400275111198425,1.6201351881027222,0.3080856502056122
30,1,0.0442566834390163,0.066485159099102,0.1716395616531372,0.3305988907814026,0.0,0.0,0.811529278755188,1.538198471069336,0.2931299209594726,0.0424236208200454,0.066373661160469,0.1716966778039932,0.3209229409694671,0.0,0.0,0.8250892162322998,1.572154521942139,0.2933123409748077
31,1,0.0439108423888683,0.0662103742361068,0.172085165977478,0.3431257009506225,0.0,0.0,0.8079593181610107,1.531827688217163,0.2914693653583526,0.042556095868349,0.066148966550827,0.1765085756778717,0.3677910566329956,0.0,0.0,0.8300343155860901,1.5886847972869873,0.2979174554347992
32,1,0.0439464747905731,0.0664916038513183,0.1899551004171371,0.4277859032154083,0.0,0.0,0.8062320351600647,1.537175178527832,0.3016936480998993,0.0408963896334171,0.0648981407284736,0.1704721450805664,0.3447290658950805,0.0,0.0,0.8091768026351929,1.5673267841339111,0.2890812158584595
33,1,0.0428388528525829,0.064968965947628,0.1694157123565673,0.3288522064685821,0.0,0.0,0.7989188432693481,1.5119333267211914,0.2878055572509765,0.0435289330780506,0.0675303190946579,0.1763018816709518,0.3425404131412506,0.0,0.0,0.8516863584518433,1.63489031791687,0.3014480471611023
34,1,0.0429268814623355,0.0650800168514251,0.1728797554969787,0.3542245626449585,0.0,0.0,0.7972695827484131,1.5168485641479492,0.2895471155643463,0.0440588817000389,0.0669243931770324,0.170058399438858,0.3127606511116028,0.0,0.0,0.8220997452735901,1.591414213180542,0.2935158610343933
35,1,0.0424198508262634,0.06467155367136,0.1688040047883987,0.3317035436630249,0.0,0.0,0.794405996799469,1.5033735036849976,0.2859606444835663,0.0407493114471435,0.0642986819148063,0.1714833676815033,0.322308599948883,0.0,0.0,0.815955638885498,1.5460530519485474,0.2904926240444183
36,1,0.0424296334385871,0.0644869282841682,0.1678322702646255,0.3233138918876648,0.0,0.0,0.7900285720825195,1.4889888763427734,0.2851370275020599,0.0447002053260803,0.0672852471470832,0.1674971133470535,0.3079447150230407,0.0,0.0,0.8108305931091309,1.5709208250045776,0.2902080714702606
37,1,0.0422842763364315,0.0641726180911064,0.1679351180791854,0.3350081443786621,0.0,0.0,0.7859020829200745,1.4857850074768066,0.283743292093277,0.0447152182459831,0.0685653537511825,0.1728667616844177,0.3373327255249023,0.0,0.0,0.8013611435890198,1.5179659128189087,0.2944110035896301
38,1,0.0418370179831981,0.0637420341372489,0.168661430478096,0.3428087532520294,0.0,0.0,0.7851048111915588,1.4824830293655396,0.2836829125881195,0.0441479943692684,0.0662024989724159,0.1692387908697128,0.3312218785285949,0.0,0.0,0.8078117370605469,1.5654338598251345,0.2908976972103119
39,1,0.0417311489582061,0.0635880827903747,0.165589839220047,0.3162654638290405,0.0,0.0,0.7828704714775085,1.4759901762008667,0.2815209925174713,0.0424634963274002,0.0655772611498832,0.1712293177843094,0.3282765448093414,0.0,0.0,0.8101608157157898,1.5277750492095947,0.2914455235004425
40,1,0.0414874367415905,0.0632206574082374,0.164292111992836,0.3136873841285705,0.0,0.0,0.7766475081443787,1.4632285833358765,0.2792755365371704,0.0404668375849723,0.0628286898136138,0.1672340929508209,0.311666190624237,0.0,0.0,0.7862570881843567,1.4928529262542725,0.2832178473472595
41,1,0.041641741991043,0.0631891340017318,0.1631107479333877,0.304788202047348,0.0,0.0,0.7758882641792297,1.46217143535614,0.278557538986206,0.0468880459666252,0.0688856989145279,0.1684743762016296,0.3338284790515899,0.0,0.0,0.8058268427848816,1.5575435161590576,0.2927039265632629
42,1,0.0412144362926483,0.0627790242433548,0.1644923835992813,0.3159276247024536,0.0,0.0,0.7751249670982361,1.46467387676239,0.2789962589740753,0.0383186601102352,0.0614682585000991,0.1655589789152145,0.3056288063526153,0.0,0.0,0.7802428007125854,1.477428674697876,0.2789629995822906
43,1,0.0409806855022907,0.0627853721380233,4.119002342224121,29.530317306518555,0.0,0.0,1.300029993057251,5.909308910369873,2.4755749702453613,0.0456309169530868,0.0670360103249549,0.1673512756824493,0.3221410810947418,0.0,0.0,0.7802668809890747,1.5057626962661743,0.2878779470920563
44,1,0.0409355610609054,0.0630724504590034,0.1926730126142501,0.6122541427612305,0.0,0.0,0.7717445492744446,1.4808779954910278,0.2881011068820953,0.0435124412178993,0.0671032145619392,0.1667195558547973,0.3238559663295746,0.0,0.0,0.7902894020080566,1.5169273614883425,0.2863228023052215
45,1,0.0404322445392608,0.06205340847373,0.1730585545301437,0.3896980583667755,0.0,0.0,0.76749187707901,1.4480063915252686,0.280613511800766,0.0380131565034389,0.0609501749277114,0.168226733803749,0.325963407754898,0.0,0.0,0.7846499085426331,1.4819501638412476,0.2812852561473846
46,1,0.0403171814978122,0.0618835836648941,0.163100928068161,0.3140692114830017,0.0,0.0,0.7628758549690247,1.4377720355987549,0.2751220762729645,0.0414421819150447,0.0642465651035308,0.1667303293943405,0.3190535306930542,0.0,0.0,0.7940030694007874,1.5175143480300903,0.2843690514564514
47,1,0.0402598194777965,0.0618668459355831,0.1730007529258728,0.4717230200767517,0.0,0.0,0.7637044191360474,1.44595205783844,0.279597520828247,0.0415315926074981,0.0635285750031471,0.1665651053190231,0.3124559819698334,0.0,0.0,0.8299402594566345,1.570177435874939,0.2880360186100006
48,1,0.0400585420429706,0.0616953633725643,0.164523184299469,0.3365949690341949,0.0,0.0,0.757733166217804,1.428367257118225,0.2749019265174866,0.0499128550291061,0.0704094469547271,0.1630593985319137,0.3204494416713714,0.0,0.0,0.7799133062362671,1.5250850915908811,0.2881955206394195
49,1,0.0397280789911747,0.0611668229103088,0.1605916023254394,0.3070529699325561,0.0,0.0,0.7563349604606628,1.4241238832473757,0.2719945013523102,0.0387376509606838,0.0613592937588691,0.1651994735002517,0.3300058543682098,0.0,0.0,0.779374897480011,1.483544111251831,0.2787680625915527
50,1,0.0395570918917655,0.0610819049179554,0.1633455157279968,0.3160844445228576,0.0,0.0,0.7561979293823242,1.4273875951766968,0.2735880017280578,0.0405383594334125,0.0632654950022697,0.1670717597007751,0.339049369096756,0.0,0.0,0.7914152145385742,1.5047413110733032,0.2835847735404968
51,1,0.0393052659928798,0.0608044788241386,0.1616965979337692,0.307424783706665,0.0,0.0,0.754357635974884,1.4208168983459473,0.2715595066547394,0.0395897254347801,0.0625336393713951,0.1640547811985016,0.311732679605484,0.0,0.0,0.7701951265335083,1.4568690061569214,0.277820736169815
52,1,0.0393043607473373,0.060773067176342,0.1721074879169464,0.3701229095458984,0.0,0.0,0.7536846399307251,1.4325127601623535,0.2785468697547912,0.0499929711222648,0.0695778131484985,0.1641362309455871,0.3324899077415466,0.0,0.0,0.7776620388031006,1.497483730316162,0.2884695529937744
53,1,0.0393964610993862,0.0614176169037818,0.1782760769128799,0.4287734925746918,0.0,0.0,0.7509187459945679,1.431355357170105,0.2799306213855743,0.0386439673602581,0.0617129392921924,0.1638300418853759,0.3182615339756012,0.0,0.0,0.8031555414199829,1.543628215789795,0.2799475789070129
54,1,0.0389033146202564,0.0602206513285636,0.1619201898574829,0.3116891086101532,0.0,0.0,0.7478146553039551,1.4069308042526243,0.2695880830287933,0.0392740666866302,0.0624377168715,0.1637356579303741,0.3187670111656189,0.0,0.0,0.7833635210990906,1.5361871719360352,0.2783577740192413
55,1,0.0387816503643989,0.0600380003452301,0.1639837771654129,0.34633868932724,0.0,0.0,0.7454463243484497,1.4054399728775024,0.2706142365932464,0.0373410768806934,0.0592718794941902,0.1637478619813919,0.3150399923324585,0.0,0.0,0.7686635255813599,1.4446203708648682,0.2747770845890045
56,1,0.0386413484811782,0.0598873309791088,0.1588460355997085,0.3116803467273712,0.0,0.0,0.7433902621269226,1.3990744352340698,0.2672279477119446,0.0391881540417671,0.0623283460736274,0.1638861447572708,0.3062743246555328,0.0,0.0,0.7720193862915039,1.4640403985977173,0.2771996259689331
57,1,0.0386441722512245,0.0598995983600616,0.1586479246616363,0.3178380131721496,0.0,0.0,0.7399099469184875,1.3917757272720337,0.2661572396755218,0.0433057807385921,0.0648605823516845,0.1652994453907013,0.3259823620319366,0.0,0.0,0.7688133716583252,1.453830599784851,0.2824154198169708
58,1,0.0384591780602932,0.0598403736948967,0.1569961607456207,0.303380012512207,0.0,0.0,0.7398354411125183,1.390562891960144,0.265224277973175,0.0390904992818832,0.0616923160851001,0.167149007320404,0.341448426246643,0.0,0.0,0.7834953665733337,1.515100359916687,0.2814252972602844
59,1,0.0382182523608207,0.059400301426649,0.1622388809919357,0.3569050431251526,0.0,0.0,0.7394420504570007,1.3960102796554563,0.2677229642868042,0.0380989462137222,0.0605943799018859,0.1634631007909774,0.3107583224773407,0.0,0.0,0.7681294679641724,1.4774460792541504,0.2754309475421905
60,1,0.0382955558598041,0.0594641081988811,0.1593702137470245,0.3236496448516845,0.0,0.0,0.7362641096115112,1.3823741674423218,0.2655315697193146,0.0400532223284244,0.0611455962061882,0.1646122187376022,0.3235069811344147,0.0,0.0,0.7774427533149719,1.5153919458389282,0.2795155644416809
61,1,0.0380188375711441,0.0590722300112247,0.1601972877979278,0.3603624701499939,0.0,0.0,0.734348714351654,1.3800350427627563,0.2652404308319092,0.0391873121261596,0.0623091608285903,0.1653099805116653,0.331039160490036,0.0,0.0,0.7637317776679993,1.4568984508514404,0.2774059474468231
62,1,0.0378999449312686,0.0590301491320133,0.1645199805498123,0.3918097913265228,0.0,0.0,0.7330470681190491,1.3850924968719482,0.2678049504756927,0.0363552197813987,0.0584128685295581,0.1609009951353073,0.2985928356647491,0.0,0.0,0.7561822533607483,1.434425950050354,0.2702747583389282
63,2,0.0379079543054103,0.0590126812458038,0.1557375937700271,0.3034457266330719,0.0,0.0,0.7311884164810181,1.3746252059936523,0.2626491487026214,0.0396391376852989,0.0611139573156833,0.1650662571191787,0.3188719451427459,0.0,0.0,0.7654497623443604,1.4805227518081665,0.2782807052135467
64,2,0.0374514088034629,0.0586585849523544,0.1566361039876938,0.2994434535503387,0.0,0.0,0.7293949127197266,1.3673440217971802,0.2620626389980316,0.037221647799015,0.0599063001573085,0.1641698628664016,0.3768327534198761,0.0,0.0,0.7939736843109131,1.5576013326644895,0.277567446231842
65,2,0.0374991558492183,0.0588004924356937,0.1549564749002456,0.2934673726558685,0.0,0.0,0.731094479560852,1.3739160299301147,0.2619538605213165,0.036954890936613,0.0594680421054363,0.1609784364700317,0.3100146651268005,0.0,0.0,0.7604900598526001,1.466706395149231,0.2712294459342956
66,2,0.037464577704668,0.0586166977882385,0.1593280732631683,0.3197205364704132,0.0,0.0,0.7282111644744873,1.3660860061645508,0.2633695602416992,0.0439983531832695,0.064718410372734,0.1615171134471893,0.3150166571140289,0.0,0.0,0.746264636516571,1.408674240112305,0.277244508266449
67,2,0.037355251610279,0.0584721826016902,0.1620355248451233,0.3242583572864532,0.0,0.0,0.7283201813697815,1.3758163452148438,0.2646273374557495,0.0362363308668136,0.057991724461317,0.1605592519044876,0.314418077468872,0.0,0.0,0.7467048168182373,1.420343279838562,0.2685244083404541
68,2,0.0370541922748088,0.0580703392624855,0.1535685360431671,0.2868232131004333,0.0,0.0,0.7229757905006409,1.353376030921936,0.2590909600257873,0.0403812453150749,0.0631894618272781,0.1635309755802154,0.3113361895084381,0.0,0.0,0.7649096250534058,1.4877053499221802,0.2775308787822723
69,2,0.0371821001172065,0.0582980215549469,0.1749124079942703,0.4807682335376739,0.0,0.0,0.7244165539741516,1.3707677125930786,0.2698605954647064,0.0407980941236019,0.0632591620087623,0.1619304716587066,0.3072933852672577,0.0,0.0,0.7558074593544006,1.448062777519226,0.2750025689601898
70,2,0.0368547774851322,0.0580942966043949,0.1558902710676193,0.2986275255680084,0.0,0.0,0.7197681069374084,1.349671483039856,0.2597377896308899,0.0393419340252876,0.0624249465763568,0.1626561433076858,0.3133799433708191,0.0,0.0,0.7540715336799622,1.425330638885498,0.2743045091629028
71,2,0.0368283204734325,0.0579063594341278,0.1545981913805008,0.3017070889472961,0.0,0.0,0.7182800769805908,1.3488061428070068,0.2591672837734222,0.041355911642313,0.0636623874306678,0.1587868779897689,0.306253969669342,0.0,0.0,0.744927167892456,1.4156861305236816,0.2716772854328155
72,2,0.0367827825248241,0.0579561963677406,0.1615007817745208,0.3332252204418182,0.0,0.0,0.7177273631095886,1.3532204627990725,0.2616622149944305,0.0380665436387062,0.0600112304091453,0.1626545041799545,0.3291810750961303,0.0,0.0,0.768653929233551,1.4787304401397705,0.2745189070701599
73,2,0.0367347300052642,0.0576178878545761,0.151920735836029,0.2859304249286651,0.0,0.0,0.7151092290878296,1.3390299081802368,0.2566858828067779,0.0441980548202991,0.0645881220698356,0.1602663546800613,0.2959060966968536,0.0,0.0,0.7494469881057739,1.4021157026290894,0.2766516208648681
74,2,0.0366056077182292,0.0576886162161827,0.1541464477777481,0.3009361624717712,0.0,0.0,0.7138981223106384,1.3396799564361572,0.2574230134487152,0.0435942448675632,0.0640361011028289,0.1620610654354095,0.3152153789997101,0.0,0.0,0.7604848146438599,1.4293001890182495,0.2785297930240631
75,2,0.0364477597177028,0.0574102662503719,0.1524747163057327,0.2906359136104584,0.0,0.0,0.7149756550788879,1.3387333154678345,0.2564045190811157,0.0384129881858825,0.0606774985790252,0.1605995297431945,0.307027131319046,0.0,0.0,0.7523021101951599,1.4231094121932983,0.2711574733257293
76,2,0.0362220294773578,0.0571453832089901,0.1556492745876312,0.3178252279758453,0.0,0.0,0.7112977504730225,1.3356174230575562,0.257130891084671,0.0368500538170337,0.0591523721814155,0.1573353260755539,0.3006258606910705,0.0,0.0,0.7355830073356628,1.3980375528335571,0.2652248740196228
77,2,0.0361404381692409,0.0571068935096263,0.1538995057344436,0.2995756566524505,0.0,0.0,0.7100498676300049,1.331282377243042,0.2562659978866577,0.0373360477387905,0.0589846894145011,0.1581106185913086,0.2995917201042175,0.0,0.0,0.7560190558433533,1.433593988418579,0.2682972550392151
78,2,0.0362187922000885,0.0571806542575359,0.1527920365333557,0.2979002892971039,0.0,0.0,0.7104871869087219,1.332952857017517,0.2559950351715088,0.0358439795672893,0.0578223690390586,0.157225102186203,0.2949698269367218,0.0,0.0,0.7457221746444702,1.4194350242614746,0.2649258971214294
79,2,0.0360910780727863,0.057066936045885,0.1526388227939605,0.2985990643501282,0.0,0.0,0.7086424827575684,1.3279023170471191,0.2552741467952728,0.0373434834182262,0.0592887662351131,0.1585012376308441,0.2983406186103821,0.0,0.0,0.7406919002532959,1.3923251628875732,0.2669700384140014
80,2,0.0358185842633247,0.0566937737166881,0.1514433026313781,0.2917892634868622,0.0,0.0,0.7070975303649902,1.3253240585327148,0.2540204226970672,0.0347563065588474,0.0569597445428371,0.1580597758293151,0.3025185763835907,0.0,0.0,0.734207272529602,1.3927348852157593,0.2636054456233978
81,2,0.0360011830925941,0.0568273104727268,0.1523976475000381,0.301662266254425,0.0,0.0,0.7061769962310791,1.3205313682556152,0.2538521885871887,0.0397282801568508,0.0621773302555084,0.1584143638610839,0.3138611614704132,0.0,0.0,0.7460804581642151,1.395928144454956,0.2696572840213775
82,2,0.0356917418539524,0.0566486380994319,0.1503263264894485,0.2848478257656097,0.0,0.0,0.7031981945037842,1.3131405115127563,0.2527599632740021,0.039222203195095,0.0620481222867965,0.1566275954246521,0.2954493761062622,0.0,0.0,0.7365411520004272,1.4017292261123655,0.2665758430957794
83,2,0.0358227789402008,0.0567883513867855,0.1515087336301803,0.2965681552886963,0.0,0.0,0.7034285664558411,1.327382206916809,0.253640741109848,0.0406201295554637,0.0632224380970001,0.1581011265516281,0.3006228506565094,0.0,0.0,0.7432560920715332,1.4114710092544556,0.2703971266746521
84,2,0.0354855321347713,0.0563940145075321,0.1498548686504364,0.2837170958518982,0.0,0.0,0.7030283212661743,1.3199902772903442,0.2520008683204651,0.0375509820878505,0.0594558827579021,0.1587200313806533,0.3065789639949798,0.0,0.0,0.7422069907188416,1.40145742893219,0.2673954963684082
85,2,0.0353954695165157,0.0562319718301296,0.1550554186105728,0.3222011029720306,0.0,0.0,0.701349675655365,1.317548155784607,0.2542032599449157,0.0363687053322792,0.0576645992696285,0.1547219306230545,0.288874477148056,0.0,0.0,0.7306394577026367,1.383717656135559,0.2614159882068634
86,2,0.0352369956672191,0.0561868399381637,0.1511530876159668,0.2886618375778198,0.0,0.0,0.6987015008926392,1.3057034015655518,0.2514768540859222,0.0387635380029678,0.0593855045735836,0.1582931578159332,0.3092544972896576,0.0,0.0,0.7422087788581848,1.4049127101898191,0.268269419670105
87,2,0.0353084988892078,0.0560868456959724,0.1497728675603866,0.2900585830211639,0.0,0.0,0.6974588632583618,1.3048043251037598,0.2509183585643768,0.0360215008258819,0.0586502701044082,0.1583010107278823,0.3048897981643677,0.0,0.0,0.7322298288345337,1.3810852766036987,0.2644569277763366
88,2,0.0350149422883987,0.0557814501225948,0.15042544901371,0.2943762540817261,0.0,0.0,0.6965721845626831,1.3045495748519895,0.250688374042511,0.0370781123638153,0.058370441198349,0.1564083695411682,0.2967409789562225,0.0,0.0,0.7317923307418823,1.3838326930999756,0.2640034556388855
89,2,0.0350635722279548,0.0557740107178688,0.1491665840148925,0.2844099104404449,0.0,0.0,0.6961947083473206,1.3006982803344729,0.2499304860830307,0.0346162766218185,0.056334238499403,0.1567888706922531,0.3106902837753296,0.0,0.0,0.7276915907859802,1.3735603094100952,0.2615284621715545
90,2,0.0349370501935482,0.0557385198771953,0.1486722379922866,0.2803465723991394,0.0,0.0,0.695892333984375,1.3025944232940674,0.2496654689311981,0.0363086126744747,0.0581947043538093,0.1572753190994262,0.3143191039562225,0.0,0.0,0.7400398254394531,1.393771767616272,0.2646439671516418
91,2,0.034893449395895,0.0556663088500499,0.1489405632019043,0.2857602536678314,0.0,0.0,0.6923900842666626,1.2929567098617554,0.2490729689598083,0.0352358967065811,0.0578530468046665,0.1578612476587295,0.3116806149482727,0.0,0.0,0.7520428895950317,1.4366238117218018,0.2655342817306518
92,2,0.0348035134375095,0.0555013492703437,0.1479638367891311,0.2796416282653808,0.0,0.0,0.6917457580566406,1.293331503868103,0.2487384527921676,0.0380962342023849,0.058936208486557,0.1566841900348663,0.3026340305805206,0.0,0.0,0.7286801934242249,1.386354923248291,0.2650073170661926
93,2,0.034690748900175,0.05531907081604,0.1483880281448364,0.2825559377670288,0.0,0.0,0.6910113096237183,1.2935980558395386,0.2481385022401809,0.0356046371161937,0.0572247132658958,0.1575112491846084,0.3057113587856293,0.0,0.0,0.7338333129882812,1.3967564105987549,0.2635357081890106
94,2,0.0345876328647136,0.0551883690059185,0.1633668541908264,0.4022270441055298,0.0,0.0,0.6910295486450195,1.3018181324005127,0.2568539977073669,0.0347105041146278,0.0564308315515518,0.1533099859952926,0.2850219309329986,0.0,0.0,0.7258667349815369,1.3885133266448977,0.2579662501811981
95,2,0.0343475863337516,0.0551490224897861,0.1487849801778793,0.2864634692668915,0.0,0.0,0.6881564855575562,1.2857685089111328,0.2478316575288772,0.0388381890952587,0.0602239482104778,0.1575048267841339,0.3092255592346191,0.0,0.0,0.7303687334060669,1.3845199346542358,0.266656219959259
96,2,0.0342746786773204,0.0549493134021759,0.1479772627353668,0.2808592021465301,0.0,0.0,0.6880469918251038,1.2857083082199097,0.2472353130578994,0.0362248197197914,0.0584540963172912,0.1565061807632446,0.2946824729442596,0.0,0.0,0.7330215573310852,1.3883157968521118,0.2633101940155029
97,2,0.0343331471085548,0.0551011227071285,0.1478838920593261,0.2832172513008117,0.0,0.0,0.6870961785316467,1.285387396812439,0.2472302168607711,0.0340904220938682,0.0564517527818679,0.1561853736639022,0.3070956170558929,0.0,0.0,0.7225914597511292,1.362128734588623,0.2595017254352569
98,2,0.0342810861766338,0.0548984222114086,0.1462724655866623,0.2729392945766449,0.0,0.0,0.6847752332687378,1.277678370475769,0.2459662705659866,0.0354331992566585,0.0571223087608814,0.1546305269002914,0.3007005155086517,0.0,0.0,0.72291499376297,1.3707010746002195,0.2595906555652618
99,2,0.0341483652591705,0.0547215826809406,0.1481955349445343,0.2894145250320434,0.0,0.0,0.683392345905304,1.2758442163467407,0.2463758587837219,0.0348689742386341,0.0572774484753608,0.1554210036993026,0.2931228280067444,0.0,0.0,0.7222570180892944,1.3666667938232422,0.2597067654132843
100,2,0.0342319011688232,0.0549949817359447,0.1458990573883056,0.269394189119339,0.0,0.0,0.6828964352607727,1.273141860961914,0.2450907379388809,0.038967277854681,0.0592068061232566,0.1552672684192657,0.3013838529586792,0.0,0.0,0.723713755607605,1.3813893795013428,0.2637448906898498
101,2,0.0341773368418216,0.0549071803689003,0.147717148065567,0.2862418591976166,0.0,0.0,0.6828204393386841,1.2796248197555542,0.2461410015821457,0.038854531943798,0.0611244179308414,0.1557282507419586,0.2988916337490082,0.0,0.0,0.7306696772575378,1.3762567043304443,0.2645464539527893
102,2,0.0339822731912136,0.0545761883258819,0.1499465405941009,0.3061186969280243,0.0,0.0,0.6799785494804382,1.2716286182403564,0.2466966360807418,0.0349012725055217,0.0568614043295383,0.1587452441453933,0.3058434724807739,0.0,0.0,0.7352926731109619,1.3988593816757202,0.2639637291431427
103,2,0.0339199863374233,0.0546712316572666,0.1447282582521438,0.2648065388202667,0.0,0.0,0.6801930069923401,1.270631194114685,0.2435645163059234,0.0372890941798687,0.0599344260990619,0.154011532664299,0.2925831377506256,0.0,0.0,0.7171779870986938,1.3560843467712402,0.260212630033493
104,2,0.0337911807000637,0.0544750429689884,0.1466616243124008,0.281102180480957,0.0,0.0,0.6797603368759155,1.268792748451233,0.2445622682571411,0.0388409607112407,0.061105590313673,0.1530029028654098,0.292684942483902,0.0,0.0,0.7203055024147034,1.3528597354888916,0.2612323462963104
105,2,0.0337262190878391,0.0544144250452518,0.1446865797042846,0.2691224813461303,0.0,0.0,0.6774371862411499,1.2637673616409302,0.2427944988012313,0.0340996608138084,0.0563461445271968,0.15370474755764,0.295148491859436,0.0,0.0,0.712730884552002,1.3583523035049438,0.2565818727016449
106,2,0.033498428761959,0.054084438830614,0.1471424549818039,0.2981140315532684,0.0,0.0,0.6770197749137878,1.262142777442932,0.2434907555580139,0.0360676981508731,0.0585203506052494,0.1583030521869659,0.3163719773292541,0.0,0.0,0.7150793075561523,1.3482489585876465,0.2625460028648376
107,2,0.0334454290568828,0.0542021058499813,0.1449010670185089,0.2639302015304565,0.0,0.0,0.677778422832489,1.2630809545516968,0.2427138388156891,0.0335363410413265,0.0552923083305358,0.1538046300411224,0.2962129116058349,0.0,0.0,0.7143489718437195,1.359744906425476,0.2560268938541412
108,2,0.0333987660706043,0.0539172329008579,0.1446408033370971,0.2699178159236908,0.0,0.0,0.6753515005111694,1.261665105819702,0.2421948909759521,0.03422362357378,0.0558562166988849,0.1534804850816726,0.292928546667099,0.0,0.0,0.7183310389518738,1.3575993776321411,0.256658136844635
109,2,0.0333372503519058,0.0538473725318908,0.1445973366498947,0.266338974237442,0.0,0.0,0.6746262311935425,1.2584847211837769,0.2418189644813537,0.0370830968022346,0.059352234005928,0.154240071773529,0.2984053492546081,0.0,0.0,0.7166318297386169,1.3504691123962402,0.2601787447929382
110,2,0.033214658498764,0.0537593327462673,0.1455039083957672,0.2693297863006592,0.0,0.0,0.6734727025032043,1.2589030265808103,0.2422596216201782,0.035384614020586,0.0566422156989574,0.1542266011238098,0.3106261193752289,0.0,0.0,0.7199594378471375,1.370790958404541,0.2587728202342987
111,2,0.0332317985594272,0.0537559986114501,0.1528553068637848,0.321733295917511,0.0,0.0,0.672774076461792,1.261383295059204,0.2464624047279358,0.0348952077329158,0.0566050894558429,0.1536660641431808,0.2979235351085663,0.0,0.0,0.7207050323486328,1.3901656866073608,0.2579460442066192
112,2,0.0330088920891284,0.0534935109317302,0.1486212462186813,0.288843959569931,0.0,0.0,0.6704138517379761,1.250280261039734,0.2435492128133773,0.044624637812376,0.064015619456768,0.1529902517795562,0.2888068258762359,0.0,0.0,0.7199273109436035,1.3637027740478516,0.2669046521186828
113,2,0.033079195767641,0.0536407455801963,0.1459449529647827,0.272752434015274,0.0,0.0,0.6705015897750854,1.2510933876037598,0.2415266633033752,0.0358174927532672,0.058296363800764,0.1546138674020767,0.2967872023582458,0.0,0.0,0.7168184518814087,1.3591378927230835,0.2590703666210174
114,2,0.0330639295279979,0.0535340756177902,0.1441464722156524,0.2640039026737213,0.0,0.0,0.6688153743743896,1.2505143880844116,0.240723431110382,0.0347839705646038,0.0565067902207374,0.1526241153478622,0.2922419309616089,0.0,0.0,0.7109640836715698,1.352520227432251,0.2559165358543396
115,2,0.0329371690750122,0.0533453151583671,0.1493424773216247,0.2904775142669678,0.0,0.0,0.6681990027427673,1.2498292922973633,0.2430033832788467,0.0371406786143779,0.0576471015810966,0.1527566611766815,0.2902348339557647,0.0,0.0,0.7133952379226685,1.3573687076568604,0.258432000875473
116,2,0.0328374058008194,0.053396813571453,0.1495274156332016,0.2911881506443023,0.0,0.0,0.667660653591156,1.2444950342178345,0.241951897740364,0.0348350889980793,0.0568308643996715,0.1521985679864883,0.2904313802719116,0.0,0.0,0.7126755118370056,1.3747936487197876,0.2555604875087738
117,2,0.0326080657541751,0.05316748842597,0.1431985050439834,0.2630959153175354,0.0,0.0,0.6672558784484863,1.2435176372528076,0.2391503304243087,0.0355108268558979,0.0577445961534976,0.1540760695934295,0.2983038127422333,0.0,0.0,0.7146887183189392,1.3535856008529663,0.2582380771636963
118,2,0.0324782207608222,0.0530073642730712,0.1584413349628448,0.3631945252418518,0.0,0.0,0.6660065054893494,1.246772289276123,0.2449553906917572,0.0384342409670352,0.0607197992503643,0.1526474207639694,0.294382631778717,0.0,0.0,0.7150819897651672,1.3917292356491089,0.2597425878047943
119,2,0.0325047262012958,0.0529665201902389,0.1431087106466293,0.2680758833885193,0.0,0.0,0.664979875087738,1.2405816316604614,0.2382812649011612,0.0353945530951023,0.0568983666598796,0.1541714370250702,0.29812952876091,0.0,0.0,0.7115975022315979,1.3486082553863523,0.257827490568161
120,2,0.0323906950652599,0.0529430620372295,0.2426585555076599,0.7521422505378723,0.0,0.0,0.6681786179542542,1.2721830606460571,0.2820712625980377,0.0332490094006061,0.055240124464035,0.1533712595701217,0.2977856397628784,0.0,0.0,0.7139024138450623,1.3736331462860107,0.2552796900272369
121,2,0.0322644226253032,0.0526587851345539,0.1419624388217926,0.2595334649085998,0.0,0.0,0.6630611419677734,1.2373440265655518,0.2374131381511688,0.0330625101923942,0.0554079450666904,0.1521538347005844,0.2873525321483612,0.0,0.0,0.7061418890953064,1.3378998041152954,0.2532096207141876
122,2,0.0323237925767898,0.0527903102338314,0.1428687423467636,0.26630300283432,0.0,0.0,0.6612535119056702,1.2313536405563354,0.2373876422643661,0.0342298485338687,0.0566516630351543,0.1521622687578201,0.2884908318519592,0.0,0.0,0.7132748961448669,1.3544354438781738,0.2551669180393219
123,2,0.0321824252605438,0.0526499450206756,0.1424837112426757,0.2616815268993377,0.0,0.0,0.6608595252037048,1.2335628271102903,0.2369595021009445,0.0338138788938522,0.056486178189516,0.1555727273225784,0.3148775994777679,0.0,0.0,0.7046959400177002,1.339763045310974,0.2565992176532745
124,2,0.0319861248135566,0.0524564124643802,0.1419354677200317,0.2612552642822265,0.0,0.0,0.6595240831375122,1.2279702425003052,0.2364740371704101,0.0334707349538803,0.0549592524766922,0.1500756740570068,0.2857176959514618,0.0,0.0,0.7043654918670654,1.3386529684066772,0.2513800859451294
125,2,0.0321045592427253,0.0525420196354389,0.1428947150707245,0.2712061405181885,0.0,0.0,0.6594570875167847,1.2280983924865725,0.2369456589221954,0.0336282439529895,0.0557265542447567,0.1521185934543609,0.2962043285369873,0.0,0.0,0.6984745264053345,1.3220008611679075,0.2529799044132232
126,2,0.0321767330169677,0.0537932701408863,0.3487738072872162,1.344051480293274,0.0,0.0,0.6743785738945007,1.3400532007217407,0.3522238433361053,0.0324556939303875,0.0548521690070629,0.152827188372612,0.2920978665351867,0.0,0.0,0.7080828547477722,1.3546133041381836,0.2535575330257416
127,2,0.0319321006536483,0.0524522587656974,0.1409685313701629,0.2585925459861755,0.0,0.0,0.6565565466880798,1.2218223810195925,0.2354114204645156,0.0330440923571586,0.0554548725485801,0.1527426540851593,0.2958145439624786,0.0,0.0,0.7094694972038269,1.3454943895339966,0.2541036307811737
128,2,0.0318263471126556,0.0521245561540126,0.1408168077468872,0.2590671479701996,0.0,0.0,0.6561337113380432,1.2229926586151123,0.235016644001007,0.0345763601362705,0.0554179660975933,0.1500680744647979,0.2898215055465698,0.0,0.0,0.7043118476867676,1.320398449897766,0.2524084448814392
129,2,0.0319382101297378,0.052479550242424,0.1557929366827011,0.3390413522720337,0.0,0.0,0.6549038887023926,1.2269946336746216,0.2436764985322952,0.032602708786726,0.05515743419528,0.1542069464921951,0.2951653003692627,0.0,0.0,0.723232626914978,1.3628913164138794,0.2563830912113189
130,2,0.0315911769866943,0.0520097985863685,0.1410905867815017,0.2618780434131622,0.0,0.0,0.6539878845214844,1.216710090637207,0.2346998900175094,0.0337653793394565,0.0560327768325805,0.1524232625961303,0.2976217865943908,0.0,0.0,0.7288095355033875,1.3921453952789309,0.2563692927360534
131,2,0.0315379463136196,0.051911000162363,0.1712622791528701,0.4348670840263366,0.0,0.0,0.6543290615081787,1.223026990890503,0.2500575184822082,0.0322565883398056,0.0541622415184974,0.1522396057844162,0.3016199767589569,0.0,0.0,0.703393280506134,1.335878610610962,0.2522933483123779
132,2,0.0315163731575012,0.0519081763923168,0.1573451161384582,0.3884700536727905,0.0,0.0,0.6552794575691223,1.2348556518554688,0.2435678243637085,0.0335879288613796,0.0547680482268333,0.1511857211589813,0.2947392463684082,0.0,0.0,0.7034602165222168,1.3435823917388916,0.2526293098926544
133,2,0.0316724926233291,0.0521081909537315,0.1479277908802032,0.3066823482513428,0.0,0.0,0.6528459787368774,1.2223535776138306,0.2382672280073166,0.0327925719320774,0.0543403476476669,0.1588349491357803,0.3319351971149444,0.0,0.0,0.7042888402938843,1.3442943096160889,0.2585089206695556
134,2,0.0312565565109252,0.051636055111885,0.1411078721284866,0.263356477022171,0.0,0.0,0.649914026260376,1.209228515625,0.2336582839488983,0.0340722762048244,0.0561715923249721,0.1524086743593216,0.2916346192359924,0.0,0.0,0.7220686674118042,1.3509005308151243,0.2559758722782135
135,2,0.031285423785448,0.0517616011202335,0.1479950547218322,0.3215271234512329,0.0,0.0,0.6497933268547058,1.2132413387298584,0.2370838373899459,0.0341106280684471,0.0560144446790218,0.152446299791336,0.2985519766807556,0.0,0.0,0.7022398710250854,1.3429181575775146,0.2540678083896637
136,2,0.0311911255121231,0.0515422187745571,0.1503317952156067,0.3449834287166595,0.0,0.0,0.6483538150787354,1.21072518825531,0.2377967238426208,0.0346410013735294,0.0569148249924182,0.1512131094932556,0.2955835461616516,0.0,0.0,0.702467143535614,1.346785306930542,0.2535359561443329
137,2,0.0312140490859746,0.0517091304063797,0.1443299651145935,0.2899766862392425,0.0,0.0,0.6474939584732056,1.2047282457351685,0.2339702546596527,0.0316331014037132,0.0541129149496555,0.1496930569410324,0.2831487357616424,0.0,0.0,0.6973220705986023,1.3202128410339355,0.2485094964504242
138,2,0.0310054998844862,0.0514345914125442,0.1396673768758773,0.2563661932945251,0.0,0.0,0.6456634998321533,1.200503706932068,0.2316925525665283,0.0331471003592014,0.0550637766718864,0.1512404382228851,0.2929679155349731,0.0,0.0,0.6998346447944641,1.332564115524292,0.2514951527118683
139,2,0.0309909377247095,0.0513782687485218,0.139507845044136,0.2555910050868988,0.0,0.0,0.6446893215179443,1.1972849369049072,0.2313655316829681,0.0319954790174961,0.0540170557796955,0.1517622172832489,0.2919524013996124,0.0,0.0,0.71360844373703,1.359976291656494,0.252564013004303
140,2,0.0309876929968595,0.0514330342411994,0.1389545202255249,0.2557907402515411,0.0,0.0,0.6446899175643921,1.1972947120666504,0.2311779856681823,0.0327241346240043,0.0549892373383045,0.1516422629356384,0.2943953573703766,0.0,0.0,0.7030830383300781,1.378119945526123,0.2520609200000763
141,2,0.0308385156095027,0.0512236282229423,0.1386464238166809,0.2504796981811523,0.0,0.0,0.6440211534500122,1.1969579458236694,0.2307972759008407,0.0330006293952465,0.0553510524332523,0.1501765549182891,0.2897589206695556,0.0,0.0,0.6981757879257202,1.3258140087127686,0.2502347528934479
142,2,0.0308183748275041,0.051214262843132,0.1394142061471939,0.2610718011856079,0.0,0.0,0.6435220837593079,1.1960368156433103,0.2311836183071136,0.0320713631808757,0.053767193108797,0.1499269753694534,0.2832150161266327,0.0,0.0,0.7059879899024963,1.3469675779342651,0.2498924434185028
143,2,0.030747951939702,0.0510991215705871,0.1388673335313797,0.255909115076065,0.0,0.0,0.6432678699493408,1.1939001083374023,0.2306583225727081,0.0310827605426311,0.0530272498726844,0.1490764766931533,0.2882456183433532,0.0,0.0,0.6882094144821167,1.3083038330078125,0.2464580088853836
144,2,0.0306535121053457,0.0510009080171585,0.1386518478393554,0.254553884267807,0.0,0.0,0.6412919163703918,1.1913431882858276,0.2300732433795929,0.0315489135682582,0.0535339228808879,0.1505072265863418,0.2962316274642944,0.0,0.0,0.693211555480957,1.3164669275283811,0.2487265169620514
145,2,0.0306306220591068,0.0510586090385913,0.1393775343894958,0.2624395489692688,0.0,0.0,0.6410024762153625,1.1917885541915894,0.2303235977888107,0.0312484242022037,0.053020641207695,0.1488159745931625,0.2852712869644165,0.0,0.0,0.690933346748352,1.3160748481750488,0.2463635504245758
146,2,0.0305163282901048,0.0508588813245296,0.1385998278856277,0.2636062204837799,0.0,0.0,0.6405719518661499,1.1888816356658936,0.2295947074890136,0.0312120039016008,0.0532436892390251,0.1508507877588272,0.2976319491863251,0.0,0.0,0.6935650706291199,1.3157106637954712,0.248705193400383
147,2,0.0304457768797874,0.0508853830397129,0.1373206824064254,0.2483344972133636,0.0,0.0,0.6384747624397278,1.1843993663787842,0.2286723256111145,0.0315246134996414,0.0539256297051906,0.1481076776981353,0.2847743928432464,0.0,0.0,0.6854339838027954,1.2950012683868408,0.2455841898918151
148,2,0.0304220765829086,0.0509107820689678,0.139037549495697,0.2542188465595245,0.0,0.0,0.6379368901252747,1.1834007501602173,0.2296761572360992,0.0328375436365604,0.0539344325661659,0.1489093601703643,0.28616464138031,0.0,0.0,0.7013497948646545,1.3285473585128784,0.2494680136442184
149,2,0.0303701665252447,0.0507946498692035,0.1375733315944671,0.2488000690937042,0.0,0.0,0.6377848982810974,1.1838781833648682,0.22870734333992,0.032987430691719,0.0545375160872936,0.1495658606290817,0.2902527153491974,0.0,0.0,0.6943212151527405,1.3390679359436035,0.2493817806243896
150,2,0.0302407424896955,0.0507257059216499,0.1376474648714065,0.2506449520587921,0.0,0.0,0.635956883430481,1.1779118776321411,0.2281419783830642,0.0327665917575359,0.054496806114912,0.1489653587341308,0.2848967909812927,0.0,0.0,0.6879772543907166,1.3014391660690308,0.2480327785015106
151,2,0.0302416402846574,0.0506021417677402,0.138997882604599,0.2589019536972046,0.0,0.0,0.6359533667564392,1.18187153339386,0.2289938330650329,0.0311563126742839,0.0529620386660099,0.1491048336029052,0.2856799066066742,0.0,0.0,0.6933931708335876,1.3171411752700806,0.2470399439334869
152,2,0.0300386287271976,0.0504027046263217,0.1370482593774795,0.2487930357456207,0.0,0.0,0.6346239447593689,1.1759461164474487,0.2272775620222091,0.0322221703827381,0.0536605231463909,0.1482879966497421,0.2866995334625244,0.0,0.0,0.6917264461517334,1.3151636123657229,0.2470316737890243
153,2,0.030011910945177,0.0503778271377086,0.1370672285556793,0.2494988143444061,0.0,0.0,0.6334497928619385,1.1739453077316284,0.2271911948919296,0.0313817709684371,0.0528546273708343,0.1488879173994064,0.2876268923282623,0.0,0.0,0.7001875638961792,1.3317545652389526,0.2475595474243164
154,2,0.0300069171935319,0.0504846721887588,0.1417175680398941,0.2764845192432403,0.0,0.0,0.6336914896965027,1.1784731149673462,0.2294303029775619,0.0328514575958251,0.0540201626718044,0.1502556502819061,0.2915769219398498,0.0,0.0,0.6950939297676086,1.3160189390182495,0.2501769959926605
155,2,0.0298182442784309,0.0501301288604736,0.1370994448661804,0.2477975040674209,0.0,0.0,0.6317405104637146,1.1691012382507324,0.226631760597229,0.0325446687638759,0.0542975217103958,0.1508249342441558,0.2923316955566406,0.0,0.0,0.6988996863365173,1.3435211181640625,0.2503692209720611
156,2,0.0298573616892099,0.0501749143004417,0.139276310801506,0.2686149477958679,0.0,0.0,0.6326764822006226,1.177774429321289,0.2282949388027191,0.0320069305598735,0.0534516796469688,0.1492285430431366,0.2884787619113922,0.0,0.0,0.6848909258842468,1.304313063621521,0.2472437471151352
157,2,0.0296466294676065,0.0500212423503398,0.13798688352108,0.2567174434661865,0.0,0.0,0.631575345993042,1.1717311143875122,0.226988211274147,0.0306055415421724,0.0520900413393974,0.1491497009992599,0.2904586493968963,0.0,0.0,0.6874393224716187,1.3056559562683103,0.2458308935165405
158,2,0.0296487491577863,0.0500510223209857,0.1401027739048004,0.2635440230369568,0.0,0.0,0.630666971206665,1.173072338104248,0.2280457913875579,0.0315883718430995,0.0540076121687889,0.149491086602211,0.2931402921676636,0.0,0.0,0.6836037635803223,1.2912062406539917,0.2468309104442596
159,2,0.0295923575758934,0.0499224625527858,0.1357584744691848,0.243508294224739,0.0,0.0,0.6286054253578186,1.1638646125793457,0.2252128720283508,0.0313508436083793,0.0526481196284294,0.1479931473731994,0.2826761901378631,0.0,0.0,0.686277449131012,1.306619644165039,0.245246484875679
160,2,0.0295623373240232,0.0497367642819881,0.1363832652568817,0.2481152564287185,0.0,0.0,0.62892746925354,1.1655962467193604,0.2256678491830825,0.0311426538974046,0.0534791946411132,0.14805668592453,0.2872429490089416,0.0,0.0,0.6935969591140747,1.308650016784668,0.2459707409143448
161,2,0.0294789914041757,0.0497616231441497,0.1361129879951477,0.2465678751468658,0.0,0.0,0.6274043917655945,1.1626797914505005,0.2249486744403839,0.0317508541047573,0.0534317530691623,0.1488786786794662,0.2909865081310272,0.0,0.0,0.6839537024497986,1.3066734075546265,0.246342584490776
162,2,0.0292791072279214,0.0496021918952465,0.1361808031797409,0.2492279857397079,0.0,0.0,0.6268787384033203,1.1619594097137451,0.2247999906539917,0.0347596071660518,0.0556080788373947,0.148646742105484,0.2910314202308655,0.0,0.0,0.6892507076263428,1.3064042329788208,0.2499717026948928
163,2,0.0293767154216766,0.0495446398854255,0.1361888945102691,0.2530623078346252,0.0,0.0,0.6261283159255981,1.1620322465896606,0.2248899489641189,0.0322237983345985,0.0542205236852169,0.1497826129198074,0.286969780921936,0.0,0.0,0.6860648393630981,1.3008909225463867,0.2479393929243087
164,2,0.0292527452111244,0.0495532937347888,0.1357852965593338,0.2521536350250244,0.0,0.0,0.6252721548080444,1.1596399545669556,0.2242741584777832,0.0312098544090986,0.0531646274030208,0.1470186710357666,0.283405601978302,0.0,0.0,0.6810615062713623,1.2915380001068115,0.2437729090452194
165,2,0.0290606673806905,0.0493115857243537,0.1357525885105133,0.2525891065597534,0.0,0.0,0.6250144243240356,1.1585807800292969,0.2240321189165115,0.0307851228863,0.0529751665890216,0.1481984406709671,0.2828024625778198,0.0,0.0,0.6820955872535706,1.3004697561264038,0.244641900062561
166,2,0.0290879178792238,0.0493779815733432,0.1354582607746124,0.2497850209474563,0.0,0.0,0.6237279176712036,1.1569300889968872,0.2238789945840835,0.0312125068157911,0.053552571684122,0.1477222293615341,0.2893761396408081,0.0,0.0,0.6854172348976135,1.2958877086639404,0.2451563030481338
167,2,0.0290026944130659,0.0493990890681743,0.135237380862236,0.2491594552993774,0.0,0.0,0.6231868267059326,1.1552568674087524,0.2233679145574569,0.0312157198786735,0.0538784675300121,0.1493042558431625,0.2903757095336914,0.0,0.0,0.6830610632896423,1.2952618598937988,0.2462483048439026
168,2,0.0290826894342899,0.0493643805384635,0.1354109197854995,0.2524377107620239,0.0,0.0,0.6223363280296326,1.1559038162231443,0.2235985547304153,0.0300662834197282,0.0523483753204345,0.1478681415319442,0.2895423173904419,0.0,0.0,0.6810391545295715,1.3009332418441772,0.2434047907590866
169,2,0.0288697648793458,0.0490739643573761,0.1349227726459503,0.2490740865468979,0.0,0.0,0.6208376884460449,1.1515944004058838,0.2227682918310165,0.0311443917453289,0.0532322153449058,0.1473061591386795,0.2836247682571411,0.0,0.0,0.679614245891571,1.2813730239868164,0.2439088821411132
170,2,0.0287969056516885,0.0490571744740009,0.1350822299718856,0.2505002319812774,0.0,0.0,0.6207498908042908,1.1500840187072754,0.2227714955806732,0.0304278898984193,0.0523924082517623,0.1465110927820205,0.2810920178890228,0.0,0.0,0.6807035207748413,1.2922848463058472,0.2424636334180832
171,2,0.0288381688296794,0.0491395778954029,0.1344600468873977,0.2470424622297287,0.0,0.0,0.6195037364959717,1.1483808755874634,0.2219953387975692,0.0300391148775815,0.0520205497741699,0.1474168002605438,0.2858887314796448,0.0,0.0,0.6808857321739197,1.2931452989578247,0.2430768013000488
172,2,0.0286670811474323,0.0489590167999267,0.1346265971660614,0.2485726624727249,0.0,0.0,0.6188012361526489,1.1470931768417358,0.2219456285238266,0.0304177794605493,0.0520709007978439,0.1473036408424377,0.2836369574069977,0.0,0.0,0.6780881881713867,1.2916911840438845,0.2429056167602539
173,2,0.0286127496510744,0.0488511845469474,0.1343908011913299,0.2467094957828521,0.0,0.0,0.6180859208106995,1.145660638809204,0.2216420024633407,0.0298793409019708,0.0522662550210952,0.1461463570594787,0.2804148495197296,0.0,0.0,0.6790727376937866,1.2973941564559937,0.2414321303367614
174,2,0.0286250989884138,0.0489154011011123,0.1342888325452804,0.2491160035133361,0.0,0.0,0.6177687644958496,1.1463804244995115,0.2213800549507141,0.0306598935276269,0.0527517981827259,0.1468711793422699,0.2864531874656677,0.0,0.0,0.6791276931762695,1.303575038909912,0.2430518567562103
175,2,0.0285033546388149,0.0488242208957672,0.1341604888439178,0.2483180612325668,0.0,0.0,0.6162889003753662,1.1423420906066897,0.2211790531873703,0.0296408459544181,0.0519594140350818,0.1476029008626938,0.290165901184082,0.0,0.0,0.6709099411964417,1.274717092514038,0.2417891472578048
176,2,0.0284252036362886,0.0487258769571781,0.1342973113059997,0.2500239312648773,0.0,0.0,0.6160732507705688,1.1429128646850586,0.2210077196359634,0.0304804854094982,0.0520072430372238,0.146985113620758,0.2862018048763275,0.0,0.0,0.6784051060676575,1.2917697429656982,0.2429237365722656
177,2,0.028344839811325,0.048655804246664,0.1336617171764373,0.2444660514593124,0.0,0.0,0.6153814792633057,1.1414602994918823,0.2203391641378402,0.0309708267450332,0.0530554465949535,0.1497557312250137,0.2945853471755981,0.0,0.0,0.6885493993759155,1.3251129388809204,0.2468760758638382
178,2,0.0283308438956737,0.0486139059066772,0.1338948309421539,0.2464074045419693,0.0,0.0,0.6150193214416504,1.1383112668991089,0.2205797731876373,0.030557956546545,0.0529901646077632,0.1462706625461578,0.2826393246650696,0.0,0.0,0.67344731092453,1.278852105140686,0.2416454255580902
179,2,0.0282363593578338,0.0485652349889278,0.133405789732933,0.244123637676239,0.0,0.0,0.6136540770530701,1.1356384754180908,0.2197526544332504,0.0302178934216499,0.0521111972630023,0.1482329964637756,0.2906219065189361,0.0,0.0,0.6888666749000549,1.3280993700027466,0.2447548657655716
180,2,0.0282273404300212,0.0484861992299556,0.1335161626338958,0.2457890659570694,0.0,0.0,0.6131905913352966,1.1353821754455566,0.2198889553546905,0.0295554604381322,0.0512944310903549,0.1461729705333709,0.2797670364379883,0.0,0.0,0.6718968749046326,1.2768592834472656,0.2404744029045105
181,2,0.0280717350542545,0.0483757443726062,0.1332961022853851,0.2443601787090301,0.0,0.0,0.61238032579422,1.1336978673934937,0.2194043695926666,0.0314588584005832,0.0523260086774826,0.1474512070417404,0.2933558225631714,0.0,0.0,0.6789668798446655,1.2972091436386108,0.2441737800836563
182,2,0.0280504785478115,0.0483529008924961,0.1332579553127288,0.244242861866951,0.0,0.0,0.6120205521583557,1.1335433721542358,0.2194197624921798,0.0294594503939151,0.051292385905981,0.1467499732971191,0.2841663658618927,0.0,0.0,0.6728072166442871,1.2741057872772217,0.2409591376781463
183,2,0.0280223842710256,0.0483416616916656,0.1331167668104171,0.2440260350704193,0.0,0.0,0.6109690070152283,1.1306077241897583,0.2190047800540924,0.0298397112637758,0.0518452711403369,0.1467811465263366,0.2859854102134704,0.0,0.0,0.6761729121208191,1.2898390293121338,0.2417546808719635
184,2,0.0279838480055332,0.0483508594334125,0.1330023854970932,0.2438440173864364,0.0,0.0,0.610429584980011,1.1288373470306396,0.2189200073480606,0.0296100694686174,0.0514789521694183,0.1457839161157608,0.284170389175415,0.0,0.0,0.6670186519622803,1.2687811851501465,0.2397174388170242
185,2,0.027845486998558,0.0481982082128524,0.1327501833438873,0.2431035488843917,0.0,0.0,0.6092974543571472,1.1272711753845217,0.2183403819799423,0.030165622010827,0.052477054297924,0.146283209323883,0.2864216268062591,0.0,0.0,0.6724072694778442,1.2819896936416626,0.2411767542362213
186,2,0.0277884304523468,0.048053815960884,0.1324741393327713,0.2416005283594131,0.0,0.0,0.6084932684898376,1.1248562335968018,0.2180723994970321,0.0296615939587354,0.0517816916108131,0.1456581354141235,0.283546507358551,0.0,0.0,0.6700413823127747,1.2692018747329712,0.2397083789110183
187,2,0.027714354917407,0.0479688048362731,0.1326528191566467,0.2441324293613433,0.0,0.0,0.6082837581634521,1.126851201057434,0.2180839926004409,0.029755663126707,0.0518192760646343,0.1466073393821716,0.2885921001434326,0.0,0.0,0.670115053653717,1.2763005495071411,0.2408642619848251
188,2,0.0277571622282266,0.0480005219578743,0.1323562562465667,0.2432710975408554,0.0,0.0,0.6073347330093384,1.1220287084579468,0.217489019036293,0.0293294358998537,0.0514411740005016,0.1452057212591171,0.2819018363952636,0.0,0.0,0.6707379817962646,1.2822686433792114,0.2390890419483184
189,2,0.0276341345161199,0.0479928590357303,0.1322777569293975,0.2419099807739257,0.0,0.0,0.6065901517868042,1.1213860511779783,0.217497780919075,0.0291374754160642,0.0513880848884582,0.1449857950210571,0.281093418598175,0.0,0.0,0.670244574546814,1.2725963592529297,0.238657146692276
190,2,0.0275757033377885,0.0478846952319145,0.1320792138576507,0.2414148598909378,0.0,0.0,0.6057960987091064,1.120838642120361,0.2171350270509719,0.0300587713718414,0.0524102710187435,0.1463480442762375,0.2853875756263733,0.0,0.0,0.6772439479827881,1.2854217290878296,0.2415285557508468
191,2,0.0275113601237535,0.0478445999324321,0.1321079134941101,0.2415857464075088,0.0,0.0,0.6051200032234192,1.1183767318725586,0.2170571982860565,0.0298157576471567,0.0521465316414833,0.1463706493377685,0.2847661077976227,0.0,0.0,0.6743379831314087,1.2961941957473757,0.241066575050354
192,2,0.0274147856980562,0.0477747805416584,0.1317331343889236,0.239917367696762,0.0,0.0,0.604782223701477,1.1177328824996948,0.2165011614561081,0.0286381393671035,0.0506333149969577,0.1454374939203262,0.2846390306949615,0.0,0.0,0.6708868145942688,1.278622031211853,0.2386267781257629
193,2,0.0274477042257785,0.0477778948843479,0.13179911673069,0.2413861900568008,0.0,0.0,0.6037026643753052,1.1160897016525269,0.2166656255722046,0.0305483266711235,0.0527569465339183,0.1465044319629669,0.2886616885662079,0.0,0.0,0.6755051016807556,1.278070092201233,0.2421119213104248
194,2,0.0273447800427675,0.0476933754980564,0.1316976547241211,0.2401864528656005,0.0,0.0,0.6035696268081665,1.1159019470214844,0.2163752764463424,0.0288258828222751,0.0507670007646083,0.1454601436853408,0.2841055393218994,0.0,0.0,0.6680387258529663,1.273148536682129,0.2386694848537445
195,2,0.0272803269326686,0.0475990921258926,0.1317092031240463,0.241488978266716,0.0,0.0,0.603056788444519,1.115422010421753,0.2162386626005172,0.0291380230337381,0.0512539334595203,0.1452928185462951,0.2816844284534454,0.0,0.0,0.6725508570671082,1.2770572900772097,0.2391520738601684
196,2,0.027260547503829,0.0475805848836898,0.1313655078411102,0.2391645014286041,0.0,0.0,0.6018372774124146,1.1114966869354248,0.2157134115695953,0.029376471415162,0.0509979054331779,0.1463581770658493,0.2858360707759857,0.0,0.0,0.6739813089370728,1.2838292121887207,0.2406546026468277
197,2,0.0270989574491977,0.0474324002861976,0.1313020437955856,0.2417251765727996,0.0,0.0,0.6015978455543518,1.1129286289215088,0.2151844799518585,0.0307982489466667,0.0519427843391895,0.1453675329685211,0.2816608846187591,0.0,0.0,0.6667752861976624,1.2714731693267822,0.2403481900691986
198,2,0.027094392105937,0.0474376678466796,0.1311468482017517,0.2385078966617584,0.0,0.0,0.6010405421257019,1.111711502075195,0.215262621641159,0.029499577358365,0.0514250695705413,0.1456710249185562,0.285674512386322,0.0,0.0,0.6689529418945312,1.2781307697296145,0.2395705431699752
199,2,0.027014872059226,0.0473821312189102,0.1309630721807479,0.2386337518692016,0.0,0.0,0.599849283695221,1.108822464942932,0.2150424122810363,0.0289674811065197,0.0509095042943954,0.1474180817604065,0.2916140258312225,0.0,0.0,0.6675039529800415,1.2666547298431396,0.2405161410570144
200,2,0.0270010400563478,0.0473338030278682,0.1309079527854919,0.2386571764945984,0.0,0.0,0.5995692014694214,1.108662247657776,0.2146761417388916,0.0287418887019157,0.0510082691907882,0.1456315964460373,0.2878835201263428,0.0,0.0,0.6663222312927246,1.2647966146469116,0.2385810911655426
201,2,0.0268727205693721,0.0472313314676284,0.1308801025152206,0.2384531944990158,0.0,0.0,0.5988171100616455,1.106450080871582,0.2146283239126205,0.0294928960502147,0.0517436042428016,0.1463697105646133,0.2912831902503967,0.0,0.0,0.6704382300376892,1.2716604471206665,0.2403012961149215
202,2,0.0268268473446369,0.0471505038440227,0.1307341456413269,0.2384094148874282,0.0,0.0,0.5986106991767883,1.1071847677230835,0.2144272923469543,0.0286888014525175,0.0507832318544387,0.1447792649269104,0.2826749980449676,0.0,0.0,0.666844367980957,1.2599517107009888,0.237728089094162
203,2,0.0267972517758607,0.0472480654716491,0.130521535873413,0.2378165423870086,0.0,0.0,0.5975176692008972,1.10338032245636,0.2138905972242355,0.0293892603367567,0.0512795709073543,0.1463231146335601,0.2894881069660187,0.0,0.0,0.6678954362869263,1.2799994945526123,0.2399373054504394
204,2,0.0267465990036726,0.0471586100757122,0.1305407583713531,0.2384230643510818,0.0,0.0,0.596966564655304,1.1035314798355105,0.2138872146606445,0.0289279799908399,0.0509191490709781,0.1445710211992263,0.278641939163208,0.0,0.0,0.6685636043548584,1.2743349075317385,0.237990528345108
205,2,0.0266621392220258,0.0471111536026001,0.1304377615451812,0.2375053614377975,0.0,0.0,0.5962395071983337,1.1019532680511477,0.2137308567762375,0.029095385223627,0.0512413382530212,0.1455181688070297,0.2876859009265899,0.0,0.0,0.6635664105415344,1.2607998847961426,0.2382859885692596
206,2,0.0266289878636598,0.0470143891870975,0.1301790922880172,0.2366998195648193,0.0,0.0,0.5957335829734802,1.102494716644287,0.213227316737175,0.0288929510861635,0.0509614124894142,0.1448722332715988,0.2813095152378082,0.0,0.0,0.6675833463668823,1.2703064680099487,0.2380898594856262
207,2,0.0265556629747152,0.0469483248889446,0.1302268654108047,0.2385946959257125,0.0,0.0,0.5949402451515198,1.0985435247421265,0.2130264490842819,0.0280433110892772,0.0500868484377861,0.1452541798353195,0.2844186425209045,0.0,0.0,0.664350152015686,1.2637962102890017,0.2371079623699188
208,2,0.0264798104763031,0.0469443574547767,0.1300581246614456,0.2364703267812729,0.0,0.0,0.5946025848388672,1.0992778539657593,0.2129232138395309,0.0284222047775983,0.0507232435047626,0.1451484709978103,0.2810385525226593,0.0,0.0,0.6741103529930115,1.2769607305526731,0.2385307848453521
209,2,0.026414843276143,0.0467919968068599,0.1299436837434768,0.2360045313835144,0.0,0.0,0.5939218997955322,1.0982763767242432,0.2127400636672973,0.028761439025402,0.0508119016885757,0.1454045921564102,0.2849657535552978,0.0,0.0,0.6656110882759094,1.269504189491272,0.2381934374570846
210,2,0.0264024306088686,0.0467719063162803,0.1297456324100494,0.2363691478967666,0.0,0.0,0.5931345820426941,1.096218824386597,0.2123207598924636,0.028501559048891,0.0508874617516994,0.1447361707687378,0.2831539213657379,0.0,0.0,0.6636619567871094,1.2612806558609009,0.2371565848588943
211,2,0.026355393230915,0.0468117743730545,0.1296931803226471,0.2360096573829651,0.0,0.0,0.5925902128219604,1.0949589014053345,0.2121719717979431,0.0289000757038593,0.050558503717184,0.144231766462326,0.2793834507465362,0.0,0.0,0.6671858429908752,1.2727915048599243,0.2373194098472595
212,2,0.0263104997575283,0.0467353202402591,0.1295853853225708,0.2354595065116882,0.0,0.0,0.5922886729240417,1.094982385635376,0.2121041864156723,0.0285123232752084,0.0503234080970287,0.1444677859544754,0.283499538898468,0.0,0.0,0.662442147731781,1.2591781616210938,0.2368929088115692
213,2,0.0262158308178186,0.0466082096099853,0.1295860856771469,0.2367153316736221,0.0,0.0,0.5915727019309998,1.093328833580017,0.2117883712053299,0.0284622218459844,0.0504650212824344,0.1441493332386016,0.2794657349586487,0.0,0.0,0.6644743084907532,1.261804699897766,0.2365164458751678
214,2,0.0262317266315221,0.0465419590473175,0.1294475346803665,0.2355333715677261,0.0,0.0,0.5910131335258484,1.0919069051742554,0.2117429673671722,0.02850310690701,0.0503862313926219,0.1446666568517685,0.2816742360591888,0.0,0.0,0.6684624552726746,1.2736749649047852,0.2373658716678619
215,2,0.0260870959609746,0.046529684215784,0.1293319910764694,0.2353180199861526,0.0,0.0,0.5902053117752075,1.0901641845703125,0.2113781124353408,0.0282287988811731,0.0504942648112773,0.1453165113925933,0.2877940535545349,0.0,0.0,0.6623278260231018,1.2642477750778198,0.2372166663408279
216,2,0.0261439811438322,0.0466020219027996,0.1290713101625442,0.2333044111728668,0.0,0.0,0.5896241068840027,1.089205980300903,0.2112238854169845,0.0280468147248029,0.0501179657876491,0.1435899883508682,0.2779262959957123,0.0,0.0,0.6609838604927063,1.2592594623565674,0.2353390008211136
217,2,0.0260124579071998,0.0464939959347248,0.1290569305419922,0.2346811294555664,0.0,0.0,0.5893897414207458,1.0882164239883425,0.2110306322574615,0.0287862531840801,0.0504039488732814,0.1446515470743179,0.2825155556201935,0.0,0.0,0.6616941690444946,1.262787938117981,0.23700912296772
218,2,0.0259569101035594,0.0463645160198211,0.1288763284683227,0.2335467189550399,0.0,0.0,0.588473379611969,1.0864180326461792,0.2106854021549224,0.0277499593794345,0.0499713122844696,0.1438237130641937,0.2808880507946014,0.0,0.0,0.6605828404426575,1.261128067970276,0.2351786345243454
219,2,0.0258815959095954,0.0462681278586387,0.1289435923099517,0.2347188889980316,0.0,0.0,0.5881044864654541,1.0848606824874878,0.2105931341648101,0.0278982017189264,0.0501117669045925,0.1441756933927536,0.2811630666255951,0.0,0.0,0.6598057150840759,1.2581487894058228,0.2355351150035858
220,2,0.0258950479328632,0.0463750660419464,0.1287718564271927,0.2337827831506729,0.0,0.0,0.5876798033714294,1.0851502418518066,0.2102897316217422,0.0278155449777841,0.0499251745641231,0.1440981775522232,0.2815012335777282,0.0,0.0,0.6596834659576416,1.2566059827804563,0.2354767173528671
221,2,0.0258711334317922,0.0463189035654068,0.1286016553640365,0.2332934439182281,0.0,0.0,0.5871325731277466,1.0839377641677856,0.2101708799600601,0.0280927382409572,0.050073567777872,0.1443108171224594,0.282757043838501,0.0,0.0,0.6585493683815002,1.2546656131744385,0.235734537243843
222,2,0.0258170627057552,0.0463391132652759,0.1286283433437347,0.2332359552383422,0.0,0.0,0.5865349769592285,1.0829211473464966,0.2102701961994171,0.0280215684324502,0.0501502119004726,0.1438310444355011,0.280003160238266,0.0,0.0,0.6612818837165833,1.2610856294631958,0.2354991137981414
223,2,0.0256834421306848,0.0461803376674652,0.1283701956272125,0.2329276502132415,0.0,0.0,0.5858809947967529,1.0818228721618652,0.2096254229545593,0.0286082997918128,0.0509667694568634,0.1435619294643402,0.2804302275180816,0.0,0.0,0.6586816906929016,1.253754496574402,0.2355302274227142
224,2,0.0256815794855356,0.0461595878005027,0.1283528804779052,0.2333196699619293,0.0,0.0,0.5852882266044617,1.0814803838729858,0.2094030678272247,0.0276793632656335,0.0497748591005802,0.1438139677047729,0.2805416285991668,0.0,0.0,0.6623067259788513,1.267058253288269,0.2353120595216751
225,2,0.0256196111440658,0.0461337678134441,0.1282173991203308,0.2320917099714279,0.0,0.0,0.5846957564353943,1.0798308849334717,0.2091805338859558,0.0277998689562082,0.0498829707503318,0.1440046280622482,0.2814562618732452,0.0,0.0,0.6630622148513794,1.2662266492843628,0.2355615049600601
226,2,0.025573281571269,0.0460468716919422,0.1281767934560775,0.2321415990591049,0.0,0.0,0.5843622088432312,1.079008936882019,0.2090377807617187,0.0280039738863706,0.0502916201949119,0.1436674445867538,0.2815012037754059,0.0,0.0,0.6594368815422058,1.2534003257751465,0.2352129518985748
227,2,0.0255296006798744,0.0460506528615951,0.128012403845787,0.2312291860580444,0.0,0.0,0.5837600231170654,1.0781230926513672,0.2089361697435379,0.027892829850316,0.049875658005476,0.1434040814638137,0.2798115611076355,0.0,0.0,0.657972514629364,1.2555487155914309,0.2346956580877304
228,2,0.0254799127578735,0.0460209809243679,0.1279551088809967,0.2338010370731353,0.0,0.0,0.5833339691162109,1.076859474182129,0.2084993422031402,0.0283054932951927,0.0500468127429485,0.1439657509326934,0.2833653390407562,0.0,0.0,0.658536970615387,1.2582155466079712,0.2356554865837097
229,2,0.0254602842032909,0.0459535159170627,0.1277795881032943,0.2306729555130005,0.0,0.0,0.5825899839401245,1.0750532150268557,0.2085592150688171,0.0276150703430175,0.0498208552598953,0.1435857415199279,0.2806900441646576,0.0,0.0,0.6581724286079407,1.2524389028549194,0.2345426678657531
230,2,0.0253740791231393,0.0458112433552742,0.1278476119041443,0.2316326200962066,0.0,0.0,0.5821546316146851,1.0749174356460571,0.2084405720233917,0.0275334138423204,0.0497550442814827,0.1434189826250076,0.2802338898181915,0.0,0.0,0.6595726609230042,1.257646083831787,0.2344221472740173
231,2,0.0253631696105003,0.0459563322365284,0.1276583522558212,0.2318421304225921,0.0,0.0,0.5817909836769104,1.0738439559936523,0.2080221176147461,0.027443652972579,0.0496275387704372,0.1438704282045364,0.2815333008766174,0.0,0.0,0.6585683226585388,1.2572300434112549,0.234655812382698
232,2,0.0252978149801492,0.0458160452544689,0.1276149451732635,0.2309546470642089,0.0,0.0,0.5810380578041077,1.0728139877319336,0.2080020606517791,0.0274700932204723,0.0499904714524745,0.143177255988121,0.2773297131061554,0.0,0.0,0.6573874354362488,1.2545665502548218,0.2338931411504745
233,2,0.0252736266702413,0.0458501055836677,0.1274340599775314,0.2301800698041916,0.0,0.0,0.580767035484314,1.0722991228103638,0.2077341079711914,0.0275934301316738,0.0499910451471805,0.1439424157142639,0.2821781039237976,0.0,0.0,0.6586416363716125,1.2555471658706665,0.2348926812410354
234,2,0.0252242349088192,0.0458085350692272,0.1275082677602768,0.2302698045969009,0.0,0.0,0.5804999470710754,1.0716605186462402,0.2078096270561218,0.0276038236916065,0.0500148832798004,0.143366053700447,0.2794536650180816,0.0,0.0,0.6573587656021118,1.2549923658370972,0.2342499494552612
235,2,0.0251746941357851,0.0457554869353771,0.1273404955863952,0.2304622232913971,0.0,0.0,0.5798966884613037,1.0704931020736694,0.2075139433145523,0.0273580532521009,0.0496068894863128,0.1433411836624145,0.2799321413040161,0.0,0.0,0.6556715369224548,1.250397801399231,0.2338803559541702
236,2,0.0251577794551849,0.0456826873123645,0.1273367553949356,0.2298192679882049,0.0,0.0,0.5791641473770142,1.0691559314727783,0.2075865417718887,0.0282916277647018,0.0499617345631122,0.1430482715368271,0.2785620987415313,0.0,0.0,0.6566892266273499,1.2510699033737185,0.2345170378684997
237,2,0.0251165721565485,0.0456555485725402,0.1271422356367111,0.2300859689712524,0.0,0.0,0.5791433453559875,1.068453669548035,0.2069762945175171,0.0273443218320608,0.0497727505862712,0.1427764445543289,0.2773333787918091,0.0,0.0,0.6558941602706909,1.2516523599624634,0.2332945168018341
238,2,0.025045558810234,0.0455943495035171,0.1270741671323776,0.2294520884752273,0.0,0.0,0.5784206986427307,1.067774534225464,0.2070738673210144,0.027308939024806,0.0493689365684986,0.1435532867908477,0.2810512781143188,0.0,0.0,0.6564001441001892,1.2532278299331665,0.2339873909950256
239,2,0.0250081233680248,0.0455620549619197,0.1269990652799606,0.2284439951181411,0.0,0.0,0.5781177878379822,1.067632079124451,0.2070110291242599,0.0273276977241039,0.0495596565306186,0.1434967815876007,0.280617743730545,0.0,0.0,0.6553572416305542,1.249774932861328,0.2339573800563812
240,2,0.0249482635408639,0.0455625876784324,0.1269124448299408,0.2281829416751861,0.0,0.0,0.5775338411331177,1.0655579566955566,0.2066283524036407,0.027286110445857,0.0495754964649677,0.1433676332235336,0.2815987467765808,0.0,0.0,0.6554135680198669,1.24898099899292,0.2336865663528442
241,2,0.024936519563198,0.0455619022250175,0.1269120872020721,0.2289227992296219,0.0,0.0,0.5773030519485474,1.0658668279647827,0.2066066563129425,0.0274054892361164,0.0497193038463592,0.1430054008960724,0.2792732715606689,0.0,0.0,0.6561213135719299,1.2519521713256836,0.2336064577102661
242,2,0.0249003004282712,0.0454723201692104,0.1267556846141815,0.228541687130928,0.0,0.0,0.5768322348594666,1.0646977424621582,0.206338956952095,0.0270023662596941,0.0494032464921474,0.1432584971189499,0.2796205878257751,0.0,0.0,0.6564986705780029,1.2523281574249268,0.233424574136734
243,2,0.0248664058744907,0.0454230122268199,0.1267323493957519,0.229838341474533,0.0,0.0,0.5761926174163818,1.0638147592544556,0.2062649726867675,0.0271753035485744,0.0494654774665832,0.1433202773332595,0.2800464630126953,0.0,0.0,0.6589882969856262,1.2538108825683594,0.233961746096611
244,2,0.0248175673186779,0.0453982427716255,0.1265970915555954,0.2287525832653045,0.0,0.0,0.5761123895645142,1.062391757965088,0.2058738619089126,0.0272785294800996,0.0497255399823188,0.143182560801506,0.2806605100631714,0.0,0.0,0.6554517149925232,1.2518020868301392,0.233483225107193
245,2,0.0247860364615917,0.0454104021191597,0.126592606306076,0.2290939390659332,0.0,0.0,0.5754278898239136,1.0630885362625122,0.2058392763137817,0.0269609112292528,0.0492592267692089,0.1430202424526214,0.2788502275943756,0.0,0.0,0.6548770070075989,1.2496118545532229,0.2330585867166519
246,2,0.0247393026947975,0.0453170128166675,0.1264890134334564,0.2284754365682602,0.0,0.0,0.5750187635421753,1.0615311861038208,0.2056018561124801,0.0280304048210382,0.050542514771223,0.143148586153984,0.2805959284305572,0.0,0.0,0.655871570110321,1.251320719718933,0.2342299818992614
247,2,0.0247234348207712,0.0452969223260879,0.126397043466568,0.227329596877098,0.0,0.0,0.5746303200721741,1.0603646039962769,0.2057930082082748,0.026999769732356,0.049474511295557,0.1429803222417831,0.2802463173866272,0.0,0.0,0.6549708247184753,1.2492419481277466,0.2330835908651352
248,2,0.024665281176567,0.0452873744070529,0.1263302266597747,0.2287787348031997,0.0,0.0,0.5742443203926086,1.0601942539215088,0.2052436023950576,0.0270168390125036,0.0493886806070804,0.1430779546499252,0.2800320982933044,0.0,0.0,0.6550463438034058,1.2535523176193235,0.23311448097229
249,2,0.0246258284896612,0.0452605709433555,0.1262677162885666,0.2265068441629409,0.0,0.0,0.5738099813461304,1.059414029121399,0.2054120153188705,0.0270008891820907,0.0493820272386074,0.1429184079170227,0.2798895537853241,0.0,0.0,0.6556505560874939,1.2523369789123535,0.2331171780824661
250,2,0.0246196072548627,0.0452746786177158,0.1261626034975052,0.2268774211406707,0.0,0.0,0.573399007320404,1.05883526802063,0.2052426189184188,0.0271034203469753,0.0494419522583484,0.1428696811199188,0.2797233164310455,0.0,0.0,0.6535636186599731,1.2463819980621338,0.2328158766031265
251,2,0.0245894566178321,0.0452554300427436,0.1261214315891266,0.227784052491188,0.0,0.0,0.5732808709144592,1.0581889152526855,0.2048848867416381,0.0271355248987674,0.0494807548820972,0.1432697176933288,0.2810525894165039,0.0,0.0,0.653496503829956,1.2464457750320437,0.2333160191774368
252,2,0.0245413649827241,0.0452303923666477,0.1260740160942077,0.2265947312116623,0.0,0.0,0.5730354189872742,1.0586590766906738,0.2049819082021713,0.0270083416253328,0.0493445061147213,0.1430222988128662,0.2794100642204284,0.0,0.0,0.6557297110557556,1.2523717880249023,0.2331837713718414
253,2,0.0245199166238307,0.0452576056122779,0.126036137342453,0.2262177765369415,0.0,0.0,0.5725404620170593,1.0561805963516235,0.2049114555120468,0.0268387421965599,0.049208253622055,0.1436040103435516,0.283708244562149,0.0,0.0,0.654288649559021,1.2466998100280762,0.2334061414003372
254,2,0.0244553312659263,0.0451648235321044,0.1259316951036453,0.2265761941671371,0.0,0.0,0.5721306204795837,1.056499719619751,0.2045586854219436,0.0268590599298477,0.0491722412407398,0.1432663053274154,0.2821696400642395,0.0,0.0,0.6536366939544678,1.2475477457046509,0.232938528060913
255,2,0.0244322624057531,0.0451402254402637,0.1259168237447738,0.2264781892299652,0.0,0.0,0.5717104077339172,1.0564485788345337,0.2045592367649078,0.0267923343926668,0.0492367967963218,0.1432230174541473,0.281858891248703,0.0,0.0,0.653893232345581,1.2448786497116089,0.2329636514186859
256,2,0.0243930201977491,0.0450784340500831,0.1258148103952407,0.2258861362934112,0.0,0.0,0.5714178681373596,1.0548930168151855,0.2043573409318924,0.0268716346472501,0.0493044108152389,0.1429973542690277,0.2812664210796356,0.0,0.0,0.6536614894866943,1.2453340291976929,0.2327333241701126
257,2,0.0243886914104223,0.0450884327292442,0.1257597059011459,0.2263195812702179,0.0,0.0,0.5712174773216248,1.0546221733093262,0.2043566405773162,0.0268119815737009,0.0490792877972126,0.1427815705537796,0.2794583141803741,0.0,0.0,0.6528595685958862,1.246778130531311,0.2324621081352234
258,2,0.0243498366326093,0.0450357981026172,0.1256614476442337,0.2255314588546753,0.0,0.0,0.5707029104232788,1.053792953491211,0.2041940242052078,0.0273595452308654,0.0497574657201767,0.1428110152482986,0.2790416181087494,0.0,0.0,0.6556753516197205,1.2562991380691528,0.2333052605390548
259,2,0.0243244729936122,0.0450788885354995,0.1256413906812667,0.2259020209312439,0.0,0.0,0.5705428719520569,1.0533238649368286,0.2040499895811081,0.0268330946564674,0.0493025556206703,0.1429183036088943,0.280748188495636,0.0,0.0,0.6530422568321228,1.246401071548462,0.2325892448425293
260,2,0.0242919325828552,0.0450214706361293,0.1255610734224319,0.2253993898630142,0.0,0.0,0.5701774954795837,1.0527026653289795,0.2039518654346466,0.026870584115386,0.0490788593888282,0.1433993875980377,0.2827954292297363,0.0,0.0,0.6535422801971436,1.2450119256973269,0.2331161499023437
261,2,0.0242746602743864,0.0450702682137489,0.1255334317684173,0.2256626188755035,0.0,0.0,0.5700042247772217,1.052087903022766,0.2038909345865249,0.0266992598772048,0.0491218715906143,0.143038734793663,0.2809722423553467,0.0,0.0,0.6530322432518005,1.2452833652496338,0.2325940281152725
262,2,0.0242316350340843,0.0449230745434761,0.1254753321409225,0.224859356880188,0.0,0.0,0.5697314143180847,1.0519802570343018,0.2038350999355316,0.0267962329089641,0.04902920499444,0.1425947248935699,0.2788706123828888,0.0,0.0,0.6531704068183899,1.2468204498291016,0.2322849482297897
263,2,0.0242200996726751,0.0450279861688613,0.1254297345876693,0.2258975356817245,0.0,0.0,0.5694339871406555,1.0518029928207395,0.2035223692655563,0.0269986558705568,0.049121506512165,0.1427703648805618,0.2794841527938843,0.0,0.0,0.6530007123947144,1.24648916721344,0.2326024919748306
264,2,0.0241885930299758,0.044996004551649,0.1253933608531952,0.2247906625270843,0.0,0.0,0.5689978003501892,1.050154447555542,0.2035395801067352,0.0266925599426031,0.0490746162831783,0.1425864249467849,0.2795924246311188,0.0,0.0,0.6520485281944275,1.2433267831802368,0.2321004569530487
265,2,0.0241649635136127,0.0449343249201774,0.1253188848495483,0.2250744849443435,0.0,0.0,0.5687807202339172,1.050471305847168,0.2033744603395462,0.0267647709697484,0.0490779653191566,0.1428719013929367,0.2808590531349182,0.0,0.0,0.652310848236084,1.2443699836730957,0.2323980778455734
266,2,0.0241370890289545,0.0449787676334381,0.1253051608800888,0.2258791774511337,0.0,0.0,0.5686371326446533,1.0508859157562256,0.2032599151134491,0.0270015951246023,0.0494421944022178,0.1426903158426284,0.2802979052066803,0.0,0.0,0.6520706415176392,1.243078351020813,0.2324709743261337
267,2,0.0241168793290853,0.0448675379157066,0.1252311319112777,0.2248017787933349,0.0,0.0,0.5682841539382935,1.0503357648849487,0.2031902074813842,0.0267175566405057,0.0489939488470554,0.1426288038492202,0.2796186208724975,0.0,0.0,0.652373731136322,1.2459427118301392,0.2321183532476425
268,2,0.0240888129919767,0.0447773821651935,0.1251888275146484,0.2249480932950973,0.0,0.0,0.5680766701698303,1.048810362815857,0.203155517578125,0.0267300531268119,0.0491268262267112,0.142531469464302,0.2787338495254516,0.0,0.0,0.652614951133728,1.2446651458740234,0.2321121841669082
269,2,0.0240727756172418,0.0447736382484436,0.125157743692398,0.224797174334526,0.0,0.0,0.5678209662437439,1.0489226579666138,0.2030044645071029,0.0265507772564888,0.048933807760477,0.1428387761116027,0.2806278765201568,0.0,0.0,0.6523942351341248,1.2447445392608645,0.2321858555078506
270,2,0.024042822420597,0.0447470694780349,0.1251006722450256,0.2243327051401138,0.0,0.0,0.5676893591880798,1.0492010116577148,0.2029976397752761,0.0266434736549854,0.0491657443344593,0.1427425295114517,0.2805924713611603,0.0,0.0,0.6520254611968994,1.2449477910995483,0.2321619391441345
271,2,0.0240296330302953,0.0448560342192649,0.1250616759061813,0.224515825510025,0.0,0.0,0.5673834085464478,1.048667073249817,0.2028144598007202,0.0266304686665534,0.0490229614078998,0.1427960842847824,0.2810175120830536,0.0,0.0,0.6518726348876953,1.2442914247512815,0.232155442237854
272,2,0.0240060370415449,0.0447385497391223,0.1250490248203277,0.2246375083923339,0.0,0.0,0.5671318173408508,1.0482724905014038,0.2027613222599029,0.0267652552574872,0.0493583269417285,0.1429077684879303,0.281035453081131,0.0,0.0,0.652526319026947,1.2443739175796509,0.2325010597705841
273,2,0.0239942446351051,0.0447564832866191,0.1249899789690971,0.2235470563173294,0.0,0.0,0.5668976902961731,1.047299027442932,0.2028691172599792,0.0265341121703386,0.0490534864366054,0.1428942382335662,0.280845046043396,0.0,0.0,0.6518130302429199,1.244566798210144,0.2321308404207229
274,2,0.0239699576050043,0.0447679162025451,0.1249750852584838,0.2238796651363372,0.0,0.0,0.566743016242981,1.046599507331848,0.2026289105415344,0.0264743939042091,0.0490233823657035,0.142793670296669,0.2803782224655151,0.0,0.0,0.6518788933753967,1.244268774986267,0.2320288270711898
275,2,0.0239485576748847,0.0446948520839214,0.1249189972877502,0.2239072620868683,0.0,0.0,0.5665211081504822,1.0467808246612549,0.2026042491197586,0.0264697503298521,0.0489731319248676,0.1426602005958557,0.279802531003952,0.0,0.0,0.6518144607543945,1.2445969581604004,0.2318721860647201
276,2,0.0239331983029842,0.0447444468736648,0.1248937174677848,0.2233994305133819,0.0,0.0,0.5663868188858032,1.046778440475464,0.2025696486234665,0.0265103485435247,0.0489848330616951,0.1425975263118744,0.2798383831977844,0.0,0.0,0.6515283584594727,1.244237184524536,0.2318363338708877
277,2,0.0239140726625919,0.0447298102080822,0.1248696371912956,0.2235856801271438,0.0,0.0,0.5661487579345703,1.0465738773345947,0.2025122791528701,0.0265129674226045,0.0488858222961425,0.1427866369485855,0.2807249426841736,0.0,0.0,0.6515167951583862,1.244202971458435,0.2319908738136291
278,2,0.0238918922841548,0.0447586700320243,0.1248290911316871,0.2230025380849838,0.0,0.0,0.5660672783851624,1.0461821556091309,0.2026755660772323,0.0264776367694139,0.0489229634404182,0.1426783800125122,0.2800734043121338,0.0,0.0,0.6513068079948425,1.2425612211227417,0.2318563759326934
279,2,0.0238781031221151,0.0446727722883224,0.1248170584440231,0.2233914136886596,0.0,0.0,0.5658697485923767,1.046353816986084,0.2023781388998031,0.0265172366052865,0.0490526407957077,0.142772302031517,0.2806824147701263,0.0,0.0,0.651041567325592,1.2418758869171145,0.2319419234991073
280,2,0.023873271420598,0.0447167456150054,0.1247715651988983,0.2240966409444809,0.0,0.0,0.5657082200050354,1.045234441757202,0.2021952122449875,0.0265432596206665,0.0490826964378356,0.1426256000995636,0.279641330242157,0.0,0.0,0.6516180634498596,1.2432234287261963,0.2319146543741226
281,2,0.0238613132387399,0.0447419807314872,0.1247623041272163,0.2237373143434524,0.0,0.0,0.5655027031898499,1.0451666116714478,0.2021720558404922,0.0265053268522024,0.0489849299192428,0.1426320075988769,0.279782086610794,0.0,0.0,0.6512926816940308,1.2431071996688845,0.2318332642316818
282,2,0.0238406267017126,0.0446941256523132,0.1247149184346199,0.2238268405199051,0.0,0.0,0.5654111504554749,1.0455238819122314,0.2020782232284546,0.0264199618250131,0.0489601269364357,0.1426846235990524,0.2801312208175659,0.0,0.0,0.6514405608177185,1.2438863515853882,0.2318168729543686
283,2,0.0238259583711624,0.0446440540254116,0.1247024536132812,0.2242845594882965,0.0,0.0,0.5653107762336731,1.0445208549499512,0.2020255625247955,0.0264342110604047,0.0490019582211971,0.1426289826631546,0.27980637550354,0.0,0.0,0.650954008102417,1.2436624765396118,0.2317122966051101
284,2,0.0238161161541938,0.044674839824438,0.1246705949306488,0.2232018411159515,0.0,0.0,0.5651319026947021,1.0447275638580322,0.2022332549095153,0.0264881309121847,0.0490403063595294,0.1426452547311782,0.28058922290802,0.0,0.0,0.6512417793273926,1.2442256212234497,0.2318257093429565
285,2,0.0238076969981193,0.0446138344705104,0.1246518194675445,0.2231565415859222,0.0,0.0,0.5650108456611633,1.0449169874191284,0.2020797878503799,0.0264557041227817,0.0490066930651664,0.14256052672863,0.2795597910881042,0.0,0.0,0.6512377262115479,1.2441829442977903,0.2317208796739578
286,2,0.0237955395132303,0.0446445383131504,0.1246349737048149,0.2228703945875167,0.0,0.0,0.5648908615112305,1.0443074703216553,0.2020913511514663,0.0263836309313774,0.0488943494856357,0.1426900327205658,0.2802025973796844,0.0,0.0,0.6520023941993713,1.2446794509887695,0.2318319529294967
287,2,0.0237917769700288,0.0446672327816486,0.1246069744229316,0.2229472994804382,0.0,0.0,0.5647995471954346,1.0435081720352173,0.2020250707864761,0.0264654960483312,0.0489994287490844,0.1426703482866287,0.2802881896495819,0.0,0.0,0.6513872146606445,1.2441933155059814,0.231836661696434
288,2,0.0237775016576051,0.0446386523544788,0.1245985850691795,0.2234229892492294,0.0,0.0,0.5647012591362,1.0447887182235718,0.2018464207649231,0.026369534432888,0.0488596521317958,0.1427094936370849,0.2803331613540649,0.0,0.0,0.6512772440910339,1.243519902229309,0.2317694276571273
289,2,0.0237610340118408,0.0445560216903686,0.1246042102575302,0.2231902331113815,0.0,0.0,0.5645977258682251,1.0434938669204712,0.2018122524023056,0.0264263786375522,0.0489334538578987,0.142688900232315,0.2804113626480102,0.0,0.0,0.6512129306793213,1.2439454793930054,0.231786772608757
290,2,0.0237584691494703,0.0446429513394832,0.1245726272463798,0.2234376072883606,0.0,0.0,0.5645239949226379,1.0438647270202637,0.2017634510993957,0.0264086052775383,0.048845637589693,0.1425879448652267,0.2797894179821014,0.0,0.0,0.6510235667228699,1.243431806564331,0.231668010354042
291,2,0.0237597990781068,0.044622503221035,0.1245457157492637,0.2231270968914032,0.0,0.0,0.564432680606842,1.0431162118911743,0.2018109560012817,0.0264067947864532,0.0489357188344001,0.1426158845424652,0.2801631987094879,0.0,0.0,0.6514449119567871,1.244181513786316,0.2317319065332412
292,2,0.0237466283142566,0.0445580147206783,0.1245563104748725,0.223700076341629,0.0,0.0,0.564332902431488,1.0431361198425293,0.2016545981168747,0.0264251194894313,0.0489927344024181,0.1426429599523544,0.2800748944282532,0.0,0.0,0.6511079668998718,1.242740035057068,0.2317404150962829
293,2,0.0237406343221664,0.0446326620876789,0.1245221644639968,0.2232864797115326,0.0,0.0,0.5643301010131836,1.0436692237854004,0.2016993016004562,0.0263973511755466,0.0488500669598579,0.1426577717065811,0.2800695300102234,0.0,0.0,0.6511656045913696,1.2430888414382937,0.2317311018705368
294,2,0.0237344913184642,0.0445834062993526,0.1245209723711013,0.2253213077783584,0.0,0.0,0.5642493367195129,1.0433695316314695,0.2015612721443176,0.0263961944729089,0.0488386042416095,0.1426859647035598,0.2803115546703338,0.0,0.0,0.6513069868087769,1.2436367273330688,0.231777548789978
295,2,0.0237277410924434,0.0446329973638057,0.1245120838284492,0.2232296764850616,0.0,0.0,0.5641799569129944,1.044019103050232,0.2017516940832138,0.0263925790786743,0.0488764196634292,0.1425934433937072,0.2797791063785553,0.0,0.0,0.6512212157249451,1.243927836418152,0.2316623330116272
296,2,0.0237272791564464,0.044602382928133,0.1245083510875701,0.22270567715168,0.0,0.0,0.5641137361526489,1.042841553688049,0.2017539292573928,0.0264158174395561,0.0488923713564872,0.1426315009593963,0.2799636125564575,0.0,0.0,0.651101291179657,1.2431349754333496,0.2317182868719101
297,2,0.0237240344285964,0.0445614196360111,0.1244997829198837,0.2226615995168686,0.0,0.0,0.5640873908996582,1.043298602104187,0.2018711119890213,0.0263503715395927,0.0488650314509868,0.1427933126688003,0.2806968986988067,0.0,0.0,0.6511217951774597,1.2435680627822876,0.2318034321069717
298,2,0.0237193461507558,0.044538639485836,0.1244948729872703,0.2229558080434799,0.0,0.0,0.5641001462936401,1.0430212020874023,0.2016746997833252,0.0264294501394033,0.0488593727350235,0.1426340192556381,0.2800100445747375,0.0,0.0,0.6509495377540588,1.2426100969314575,0.2317222952842712
299,2,0.0237125772982835,0.0445903800427913,0.1244919747114181,0.2225989401340484,0.0,0.0,0.5640192031860352,1.0430641174316406,0.2017563134431839,0.0263662748038768,0.0488679781556129,0.1426590234041214,0.2802265882492065,0.0,0.0,0.6509170532226562,1.2429285049438477,0.2316775768995285
